task_id,serial_seed,mpi_seed,serial_rank,mpi_rank,serial_best_cost,mpi_best_cost,cost_difference,seed_match,cost_close,present_in_serial,present_in_mpi,passed
0,20260617,20260617,0,0,0.0055667501874268055,0.0055667501874268055,0.0,True,True,True,True,True
1,20260618,20260618,0,1,0.005549332592636347,0.005549332592636347,0.0,True,True,True,True,True
2,20260619,20260619,0,2,0.005635696463286877,0.005635696463286877,0.0,True,True,True,True,True
3,20260620,20260620,0,3,0.0056206295266747475,0.0056206295266747475,0.0,True,True,True,True,True
4,20260621,20260621,0,0,0.005478973500430584,0.005478973500430584,0.0,True,True,True,True,True
5,20260622,20260622,0,1,0.005799087230116129,0.005799087230116129,0.0,True,True,True,True,True
6,20260623,20260623,0,2,0.00535179115831852,0.00535179115831852,0.0,True,True,True,True,True
7,20260624,20260624,0,3,0.005494419485330582,0.005494419485330582,0.0,True,True,True,True,True
8,20260625,20260625,0,0,0.005649606231600046,0.005649606231600046,0.0,True,True,True,True,True
9,20260626,20260626,0,1,0.005559918470680714,0.005559918470680714,0.0,True,True,True,True,True
10,20260627,20260627,0,2,0.005811823531985283,0.005811823531985283,0.0,True,True,True,True,True
11,20260628,20260628,0,3,0.005660427734255791,0.005660427734255791,0.0,True,True,True,True,True
12,20260629,20260629,0,0,0.005840098951011896,0.005840098951011896,0.0,True,True,True,True,True
13,20260630,20260630,0,1,0.005700192879885435,0.005700192879885435,0.0,True,True,True,True,True
14,20260631,20260631,0,2,0.00577927753329277,0.00577927753329277,0.0,True,True,True,True,True
15,20260632,20260632,0,3,0.005543305538594723,0.005543305538594723,0.0,True,True,True,True,True
16,20260633,20260633,0,0,0.005556086543947458,0.005556086543947458,0.0,True,True,True,True,True
17,20260634,20260634,0,1,0.00552918016910553,0.00552918016910553,0.0,True,True,True,True,True
18,20260635,20260635,0,2,0.005595920141786337,0.005595920141786337,0.0,True,True,True,True,True
19,20260636,20260636,0,3,0.005633459892123938,0.005633459892123938,0.0,True,True,True,True,True
20,20260637,20260637,0,0,0.005702688824385405,0.005702688824385405,0.0,True,True,True,True,True
21,20260638,20260638,0,1,0.00557850394397974,0.00557850394397974,0.0,True,True,True,True,True
22,20260639,20260639,0,2,0.005310393404215574,0.005310393404215574,0.0,True,True,True,True,True
23,20260640,20260640,0,3,0.0058614350855350494,0.0058614350855350494,0.0,True,True,True,True,True
24,20260641,20260641,0,0,0.005612801760435104,0.005612801760435104,0.0,True,True,True,True,True
25,20260642,20260642,0,1,0.005890227854251862,0.005890227854251862,0.0,True,True,True,True,True
26,20260643,20260643,0,2,0.00535513274371624,0.00535513274371624,0.0,True,True,True,True,True
27,20260644,20260644,0,3,0.005501170177012682,0.005501170177012682,0.0,True,True,True,True,True
28,20260645,20260645,0,0,0.0053923954255878925,0.0053923954255878925,0.0,True,True,True,True,True
29,20260646,20260646,0,1,0.005427220836281776,0.005427220836281776,0.0,True,True,True,True,True
30,20260647,20260647,0,2,0.005607161670923233,0.005607161670923233,0.0,True,True,True,True,True
31,20260648,20260648,0,3,0.005367574747651815,0.005367574747651815,0.0,True,True,True,True,True
32,20260649,20260649,0,0,0.005419062450528145,0.005419062450528145,0.0,True,True,True,True,True
33,20260650,20260650,0,1,0.005304340273141861,0.005304340273141861,0.0,True,True,True,True,True
34,20260651,20260651,0,2,0.005631107836961746,0.005631107836961746,0.0,True,True,True,True,True
35,20260652,20260652,0,3,0.005679427180439234,0.005679427180439234,0.0,True,True,True,True,True
36,20260653,20260653,0,0,0.005541239399462938,0.005541239399462938,0.0,True,True,True,True,True
37,20260654,20260654,0,1,0.005539064295589924,0.005539064295589924,0.0,True,True,True,True,True
38,20260655,20260655,0,2,0.005545264109969139,0.005545264109969139,0.0,True,True,True,True,True
39,20260656,20260656,0,3,0.005680430680513382,0.005680430680513382,0.0,True,True,True,True,True
40,20260657,20260657,0,0,0.005671355873346329,0.005671355873346329,0.0,True,True,True,True,True
41,20260658,20260658,0,1,0.0057215397246181965,0.0057215397246181965,0.0,True,True,True,True,True
42,20260659,20260659,0,2,0.0053675672970712185,0.0053675672970712185,0.0,True,True,True,True,True
43,20260660,20260660,0,3,0.00580376572906971,0.00580376572906971,0.0,True,True,True,True,True
44,20260661,20260661,0,0,0.005620479583740234,0.005620479583740234,0.0,True,True,True,True,True
45,20260662,20260662,0,1,0.005935273133218288,0.005935273133218288,0.0,True,True,True,True,True
46,20260663,20260663,0,2,0.005531687289476395,0.005531687289476395,0.0,True,True,True,True,True
47,20260664,20260664,0,3,0.005936464294791222,0.005936464294791222,0.0,True,True,True,True,True
48,20260665,20260665,0,0,0.005357284564524889,0.005357284564524889,0.0,True,True,True,True,True
49,20260666,20260666,0,1,0.0058854143135249615,0.0058854143135249615,0.0,True,True,True,True,True
50,20260667,20260667,0,2,0.005615492817014456,0.005615492817014456,0.0,True,True,True,True,True
51,20260668,20260668,0,3,0.005511099938303232,0.005511099938303232,0.0,True,True,True,True,True
52,20260669,20260669,0,0,0.005583655089139938,0.005583655089139938,0.0,True,True,True,True,True
53,20260670,20260670,0,1,0.00558930728584528,0.00558930728584528,0.0,True,True,True,True,True
54,20260671,20260671,0,2,0.00541982427239418,0.00541982427239418,0.0,True,True,True,True,True
55,20260672,20260672,0,3,0.005779108963906765,0.005779108963906765,0.0,True,True,True,True,True
56,20260673,20260673,0,0,0.005504762288182974,0.005504762288182974,0.0,True,True,True,True,True
57,20260674,20260674,0,1,0.005451449193060398,0.005451449193060398,0.0,True,True,True,True,True
58,20260675,20260675,0,2,0.0056224400177598,0.0056224400177598,0.0,True,True,True,True,True
59,20260676,20260676,0,3,0.005539704579859972,0.005539704579859972,0.0,True,True,True,True,True
60,20260677,20260677,0,0,0.005608790088444948,0.005608790088444948,0.0,True,True,True,True,True
61,20260678,20260678,0,1,0.005513248965144157,0.005513248965144157,0.0,True,True,True,True,True
62,20260679,20260679,0,2,0.00572970462962985,0.00572970462962985,0.0,True,True,True,True,True
63,20260680,20260680,0,3,0.005794062744826078,0.005794062744826078,0.0,True,True,True,True,True
64,20260681,20260681,0,0,0.00549913989380002,0.00549913989380002,0.0,True,True,True,True,True
65,20260682,20260682,0,1,0.005799268372356892,0.005799268372356892,0.0,True,True,True,True,True
66,20260683,20260683,0,2,0.005542761646211147,0.005542761646211147,0.0,True,True,True,True,True
67,20260684,20260684,0,3,0.0054620723240077496,0.0054620723240077496,0.0,True,True,True,True,True
68,20260685,20260685,0,0,0.005541293881833553,0.005541293881833553,0.0,True,True,True,True,True
69,20260686,20260686,0,1,0.005608562380075455,0.005608562380075455,0.0,True,True,True,True,True
70,20260687,20260687,0,2,0.0057086399756371975,0.0057086399756371975,0.0,True,True,True,True,True
71,20260688,20260688,0,3,0.005711564794182777,0.005711564794182777,0.0,True,True,True,True,True
72,20260689,20260689,0,0,0.005443280562758446,0.005443280562758446,0.0,True,True,True,True,True
73,20260690,20260690,0,1,0.005585473030805588,0.005585473030805588,0.0,True,True,True,True,True
74,20260691,20260691,0,2,0.005549477878957987,0.005549477878957987,0.0,True,True,True,True,True
75,20260692,20260692,0,3,0.005766012240201235,0.005766012240201235,0.0,True,True,True,True,True
76,20260693,20260693,0,0,0.005424276925623417,0.005424276925623417,0.0,True,True,True,True,True
77,20260694,20260694,0,1,0.005661407485604286,0.005661407485604286,0.0,True,True,True,True,True
78,20260695,20260695,0,2,0.005816959775984287,0.005816959775984287,0.0,True,True,True,True,True
79,20260696,20260696,0,3,0.005502115003764629,0.005502115003764629,0.0,True,True,True,True,True
80,20260697,20260697,0,0,0.00558668514713645,0.00558668514713645,0.0,True,True,True,True,True
81,20260698,20260698,0,1,0.005559938959777355,0.005559938959777355,0.0,True,True,True,True,True
82,20260699,20260699,0,2,0.005424642004072666,0.005424642004072666,0.0,True,True,True,True,True
83,20260700,20260700,0,3,0.005260636564344168,0.005260636564344168,0.0,True,True,True,True,True
84,20260701,20260701,0,0,0.005931349471211433,0.005931349471211433,0.0,True,True,True,True,True
85,20260702,20260702,0,1,0.0055418373085558414,0.0055418373085558414,0.0,True,True,True,True,True
86,20260703,20260703,0,2,0.005488282535225153,0.005488282535225153,0.0,True,True,True,True,True
87,20260704,20260704,0,3,0.005506910849362612,0.005506910849362612,0.0,True,True,True,True,True
88,20260705,20260705,0,0,0.0053758686408400536,0.0053758686408400536,0.0,True,True,True,True,True
89,20260706,20260706,0,1,0.0059729525819420815,0.0059729525819420815,0.0,True,True,True,True,True
90,20260707,20260707,0,2,0.005334442015737295,0.005334442015737295,0.0,True,True,True,True,True
91,20260708,20260708,0,3,0.005571183282881975,0.005571183282881975,0.0,True,True,True,True,True
92,20260709,20260709,0,0,0.005594479851424694,0.005594479851424694,0.0,True,True,True,True,True
93,20260710,20260710,0,1,0.0054128519259393215,0.0054128519259393215,0.0,True,True,True,True,True
94,20260711,20260711,0,2,0.005876287817955017,0.005876287817955017,0.0,True,True,True,True,True
95,20260712,20260712,0,3,0.005747477523982525,0.005747477523982525,0.0,True,True,True,True,True
96,20260713,20260713,0,0,0.005441180896013975,0.005441180896013975,0.0,True,True,True,True,True
97,20260714,20260714,0,1,0.005726632662117481,0.005726632662117481,0.0,True,True,True,True,True
98,20260715,20260715,0,2,0.005854273214936256,0.005854273214936256,0.0,True,True,True,True,True
99,20260716,20260716,0,3,0.005853291600942612,0.005853291600942612,0.0,True,True,True,True,True
100,20260717,20260717,0,0,0.005769730545580387,0.005769730545580387,0.0,True,True,True,True,True
101,20260718,20260718,0,1,0.005722525995224714,0.005722525995224714,0.0,True,True,True,True,True
102,20260719,20260719,0,2,0.005715413950383663,0.005715413950383663,0.0,True,True,True,True,True
103,20260720,20260720,0,3,0.005671778228133917,0.005671778228133917,0.0,True,True,True,True,True
104,20260721,20260721,0,0,0.005556546617299318,0.005556546617299318,0.0,True,True,True,True,True
105,20260722,20260722,0,1,0.0056829568929970264,0.0056829568929970264,0.0,True,True,True,True,True
106,20260723,20260723,0,2,0.005557260941714048,0.005557260941714048,0.0,True,True,True,True,True
107,20260724,20260724,0,3,0.005717476364225149,0.005717476364225149,0.0,True,True,True,True,True
108,20260725,20260725,0,0,0.005440788809210062,0.005440788809210062,0.0,True,True,True,True,True
109,20260726,20260726,0,1,0.0054592411033809185,0.0054592411033809185,0.0,True,True,True,True,True
110,20260727,20260727,0,2,0.005390405189245939,0.005390405189245939,0.0,True,True,True,True,True
111,20260728,20260728,0,3,0.0053542619571089745,0.0053542619571089745,0.0,True,True,True,True,True
112,20260729,20260729,0,0,0.00597231462597847,0.00597231462597847,0.0,True,True,True,True,True
113,20260730,20260730,0,1,0.005854358896613121,0.005854358896613121,0.0,True,True,True,True,True
114,20260731,20260731,0,2,0.005529074463993311,0.005529074463993311,0.0,True,True,True,True,True
115,20260732,20260732,0,3,0.005952784791588783,0.005952784791588783,0.0,True,True,True,True,True
116,20260733,20260733,0,0,0.005688607692718506,0.005688607692718506,0.0,True,True,True,True,True
117,20260734,20260734,0,1,0.0058749676682055,0.0058749676682055,0.0,True,True,True,True,True
118,20260735,20260735,0,2,0.005480656400322914,0.005480656400322914,0.0,True,True,True,True,True
119,20260736,20260736,0,3,0.005409160628914833,0.005409160628914833,0.0,True,True,True,True,True
120,20260737,20260737,0,0,0.00579345365986228,0.00579345365986228,0.0,True,True,True,True,True
121,20260738,20260738,0,1,0.005481251981109381,0.005481251981109381,0.0,True,True,True,True,True
122,20260739,20260739,0,2,0.005630037747323513,0.005630037747323513,0.0,True,True,True,True,True
123,20260740,20260740,0,3,0.0054115778766572475,0.0054115778766572475,0.0,True,True,True,True,True
124,20260741,20260741,0,0,0.005566652398556471,0.005566652398556471,0.0,True,True,True,True,True
125,20260742,20260742,0,1,0.005696653854101896,0.005696653854101896,0.0,True,True,True,True,True
126,20260743,20260743,0,2,0.00582324480637908,0.00582324480637908,0.0,True,True,True,True,True
127,20260744,20260744,0,3,0.005610635969787836,0.005610635969787836,0.0,True,True,True,True,True
128,20260745,20260745,0,0,0.005597350653260946,0.005597350653260946,0.0,True,True,True,True,True
129,20260746,20260746,0,1,0.005707236006855965,0.005707236006855965,0.0,True,True,True,True,True
130,20260747,20260747,0,2,0.005537054501473904,0.005537054501473904,0.0,True,True,True,True,True
131,20260748,20260748,0,3,0.005932696629315615,0.005932696629315615,0.0,True,True,True,True,True
132,20260749,20260749,0,0,0.005728965625166893,0.005728965625166893,0.0,True,True,True,True,True
133,20260750,20260750,0,1,0.005707770586013794,0.005707770586013794,0.0,True,True,True,True,True
134,20260751,20260751,0,2,0.005717442370951176,0.005717442370951176,0.0,True,True,True,True,True
135,20260752,20260752,0,3,0.005605907179415226,0.005605907179415226,0.0,True,True,True,True,True
136,20260753,20260753,0,0,0.005849663633853197,0.005849663633853197,0.0,True,True,True,True,True
137,20260754,20260754,0,1,0.005555066745728254,0.005555066745728254,0.0,True,True,True,True,True
138,20260755,20260755,0,2,0.005418790969997644,0.005418790969997644,0.0,True,True,True,True,True
139,20260756,20260756,0,3,0.005276988260447979,0.005276988260447979,0.0,True,True,True,True,True
140,20260757,20260757,0,0,0.005793079733848572,0.005793079733848572,0.0,True,True,True,True,True
141,20260758,20260758,0,1,0.005670308601111174,0.005670308601111174,0.0,True,True,True,True,True
142,20260759,20260759,0,2,0.005399420391768217,0.005399420391768217,0.0,True,True,True,True,True
143,20260760,20260760,0,3,0.005904929246753454,0.005904929246753454,0.0,True,True,True,True,True
144,20260761,20260761,0,0,0.005501207429915667,0.005501207429915667,0.0,True,True,True,True,True
145,20260762,20260762,0,1,0.005456733517348766,0.005456733517348766,0.0,True,True,True,True,True
146,20260763,20260763,0,2,0.005485639441758394,0.005485639441758394,0.0,True,True,True,True,True
147,20260764,20260764,0,3,0.005992335267364979,0.005992335267364979,0.0,True,True,True,True,True
148,20260765,20260765,0,0,0.005573166999965906,0.005573166999965906,0.0,True,True,True,True,True
149,20260766,20260766,0,1,0.005632943473756313,0.005632943473756313,0.0,True,True,True,True,True
150,20260767,20260767,0,2,0.005716512445360422,0.005716512445360422,0.0,True,True,True,True,True
151,20260768,20260768,0,3,0.005392460152506828,0.005392460152506828,0.0,True,True,True,True,True
152,20260769,20260769,0,0,0.005615549627691507,0.005615549627691507,0.0,True,True,True,True,True
153,20260770,20260770,0,1,0.005656533874571323,0.005656533874571323,0.0,True,True,True,True,True
154,20260771,20260771,0,2,0.005868124775588512,0.005868124775588512,0.0,True,True,True,True,True
155,20260772,20260772,0,3,0.005309865344315767,0.005309865344315767,0.0,True,True,True,True,True
156,20260773,20260773,0,0,0.00550310593098402,0.00550310593098402,0.0,True,True,True,True,True
157,20260774,20260774,0,1,0.005617206916213036,0.005617206916213036,0.0,True,True,True,True,True
158,20260775,20260775,0,2,0.005539987236261368,0.005539987236261368,0.0,True,True,True,True,True
159,20260776,20260776,0,3,0.005907557904720306,0.005907557904720306,0.0,True,True,True,True,True
160,20260777,20260777,0,0,0.00557435117661953,0.00557435117661953,0.0,True,True,True,True,True
161,20260778,20260778,0,1,0.005393078085035086,0.005393078085035086,0.0,True,True,True,True,True
162,20260779,20260779,0,2,0.005390573292970657,0.005390573292970657,0.0,True,True,True,True,True
163,20260780,20260780,0,3,0.005354194436222315,0.005354194436222315,0.0,True,True,True,True,True
164,20260781,20260781,0,0,0.005763572175055742,0.005763572175055742,0.0,True,True,True,True,True
165,20260782,20260782,0,1,0.005458217579871416,0.005458217579871416,0.0,True,True,True,True,True
166,20260783,20260783,0,2,0.005404490977525711,0.005404490977525711,0.0,True,True,True,True,True
167,20260784,20260784,0,3,0.005480497609823942,0.005480497609823942,0.0,True,True,True,True,True
168,20260785,20260785,0,0,0.00558021804317832,0.00558021804317832,0.0,True,True,True,True,True
169,20260786,20260786,0,1,0.005684148520231247,0.005684148520231247,0.0,True,True,True,True,True
170,20260787,20260787,0,2,0.005685743875801563,0.005685743875801563,0.0,True,True,True,True,True
171,20260788,20260788,0,3,0.005946410354226828,0.005946410354226828,0.0,True,True,True,True,True
172,20260789,20260789,0,0,0.005482735112309456,0.005482735112309456,0.0,True,True,True,True,True
173,20260790,20260790,0,1,0.005606795195490122,0.005606795195490122,0.0,True,True,True,True,True
174,20260791,20260791,0,2,0.0054468936286866665,0.0054468936286866665,0.0,True,True,True,True,True
175,20260792,20260792,0,3,0.005605506710708141,0.005605506710708141,0.0,True,True,True,True,True
176,20260793,20260793,0,0,0.00559537298977375,0.00559537298977375,0.0,True,True,True,True,True
177,20260794,20260794,0,1,0.0057039642706513405,0.0057039642706513405,0.0,True,True,True,True,True
178,20260795,20260795,0,2,0.005681561306118965,0.005681561306118965,0.0,True,True,True,True,True
179,20260796,20260796,0,3,0.005754976999014616,0.005754976999014616,0.0,True,True,True,True,True
180,20260797,20260797,0,0,0.005675903521478176,0.005675903521478176,0.0,True,True,True,True,True
181,20260798,20260798,0,1,0.005569336004555225,0.005569336004555225,0.0,True,True,True,True,True
182,20260799,20260799,0,2,0.005428975448012352,0.005428975448012352,0.0,True,True,True,True,True
183,20260800,20260800,0,3,0.006126097869127989,0.006126097869127989,0.0,True,True,True,True,True
184,20260801,20260801,0,0,0.00520870927721262,0.00520870927721262,0.0,True,True,True,True,True
185,20260802,20260802,0,1,0.005422048270702362,0.005422048270702362,0.0,True,True,True,True,True
186,20260803,20260803,0,2,0.005629679653793573,0.005629679653793573,0.0,True,True,True,True,True
187,20260804,20260804,0,3,0.0058584692887961864,0.0058584692887961864,0.0,True,True,True,True,True
188,20260805,20260805,0,0,0.005877490155398846,0.005877490155398846,0.0,True,True,True,True,True
189,20260806,20260806,0,1,0.005316851660609245,0.005316851660609245,0.0,True,True,True,True,True
190,20260807,20260807,0,2,0.005839483812451363,0.005839483812451363,0.0,True,True,True,True,True
191,20260808,20260808,0,3,0.005860847420990467,0.005860847420990467,0.0,True,True,True,True,True
192,20260809,20260809,0,0,0.00539581710472703,0.00539581710472703,0.0,True,True,True,True,True
193,20260810,20260810,0,1,0.005647062789648771,0.005647062789648771,0.0,True,True,True,True,True
194,20260811,20260811,0,2,0.005712996702641249,0.005712996702641249,0.0,True,True,True,True,True
195,20260812,20260812,0,3,0.0056070731952786446,0.0056070731952786446,0.0,True,True,True,True,True
196,20260813,20260813,0,0,0.005569337867200375,0.005569337867200375,0.0,True,True,True,True,True
197,20260814,20260814,0,1,0.0057059396058321,0.0057059396058321,0.0,True,True,True,True,True
198,20260815,20260815,0,2,0.006005711853504181,0.006005711853504181,0.0,True,True,True,True,True
199,20260816,20260816,0,3,0.005822938866913319,0.005822938866913319,0.0,True,True,True,True,True
200,20260817,20260817,0,0,0.005602317862212658,0.005602317862212658,0.0,True,True,True,True,True
201,20260818,20260818,0,1,0.0056050606071949005,0.0056050606071949005,0.0,True,True,True,True,True
202,20260819,20260819,0,2,0.005514643155038357,0.005514643155038357,0.0,True,True,True,True,True
203,20260820,20260820,0,3,0.0054779574275016785,0.0054779574275016785,0.0,True,True,True,True,True
204,20260821,20260821,0,0,0.005605540703982115,0.005605540703982115,0.0,True,True,True,True,True
205,20260822,20260822,0,1,0.005400907248258591,0.005400907248258591,0.0,True,True,True,True,True
206,20260823,20260823,0,2,0.005827396176755428,0.005827396176755428,0.0,True,True,True,True,True
207,20260824,20260824,0,3,0.005578833632171154,0.005578833632171154,0.0,True,True,True,True,True
208,20260825,20260825,0,0,0.005704349838197231,0.005704349838197231,0.0,True,True,True,True,True
209,20260826,20260826,0,1,0.005647517275065184,0.005647517275065184,0.0,True,True,True,True,True
210,20260827,20260827,0,2,0.0055725486017763615,0.0055725486017763615,0.0,True,True,True,True,True
211,20260828,20260828,0,3,0.005551029462367296,0.005551029462367296,0.0,True,True,True,True,True
212,20260829,20260829,0,0,0.005768870003521442,0.005768870003521442,0.0,True,True,True,True,True
213,20260830,20260830,0,1,0.005878514144569635,0.005878514144569635,0.0,True,True,True,True,True
214,20260831,20260831,0,2,0.005688345525413752,0.005688345525413752,0.0,True,True,True,True,True
215,20260832,20260832,0,3,0.005943561904132366,0.005943561904132366,0.0,True,True,True,True,True
216,20260833,20260833,0,0,0.005651094485074282,0.005651094485074282,0.0,True,True,True,True,True
217,20260834,20260834,0,1,0.005512787960469723,0.005512787960469723,0.0,True,True,True,True,True
218,20260835,20260835,0,2,0.005531997885555029,0.005531997885555029,0.0,True,True,True,True,True
219,20260836,20260836,0,3,0.00557055976241827,0.00557055976241827,0.0,True,True,True,True,True
220,20260837,20260837,0,0,0.005619078874588013,0.005619078874588013,0.0,True,True,True,True,True
221,20260838,20260838,0,1,0.005747133865952492,0.005747133865952492,0.0,True,True,True,True,True
222,20260839,20260839,0,2,0.0056195384822785854,0.0056195384822785854,0.0,True,True,True,True,True
223,20260840,20260840,0,3,0.00585003849118948,0.00585003849118948,0.0,True,True,True,True,True
224,20260841,20260841,0,0,0.0057191504165530205,0.0057191504165530205,0.0,True,True,True,True,True
225,20260842,20260842,0,1,0.005822569597512484,0.005822569597512484,0.0,True,True,True,True,True
226,20260843,20260843,0,2,0.005764878820627928,0.005764878820627928,0.0,True,True,True,True,True
227,20260844,20260844,0,3,0.005655681248754263,0.005655681248754263,0.0,True,True,True,True,True
228,20260845,20260845,0,0,0.005608268082141876,0.005608268082141876,0.0,True,True,True,True,True
229,20260846,20260846,0,1,0.005739119369536638,0.005739119369536638,0.0,True,True,True,True,True
230,20260847,20260847,0,2,0.0054063801653683186,0.0054063801653683186,0.0,True,True,True,True,True
231,20260848,20260848,0,3,0.005357793532311916,0.005357793532311916,0.0,True,True,True,True,True
232,20260849,20260849,0,0,0.005581471603363752,0.005581471603363752,0.0,True,True,True,True,True
233,20260850,20260850,0,1,0.005626014433801174,0.005626014433801174,0.0,True,True,True,True,True
234,20260851,20260851,0,2,0.005538639612495899,0.005538639612495899,0.0,True,True,True,True,True
235,20260852,20260852,0,3,0.006007743068039417,0.006007743068039417,0.0,True,True,True,True,True
236,20260853,20260853,0,0,0.005767462775111198,0.005767462775111198,0.0,True,True,True,True,True
237,20260854,20260854,0,1,0.005617993418127298,0.005617993418127298,0.0,True,True,True,True,True
238,20260855,20260855,0,2,0.005479418206959963,0.005479418206959963,0.0,True,True,True,True,True
239,20260856,20260856,0,3,0.005306994542479515,0.005306994542479515,0.0,True,True,True,True,True
240,20260857,20260857,0,0,0.006143730599433184,0.006143730599433184,0.0,True,True,True,True,True
241,20260858,20260858,0,1,0.0056292228400707245,0.0056292228400707245,0.0,True,True,True,True,True
242,20260859,20260859,0,2,0.005767884198576212,0.005767884198576212,0.0,True,True,True,True,True
243,20260860,20260860,0,3,0.005910862237215042,0.005910862237215042,0.0,True,True,True,True,True
244,20260861,20260861,0,0,0.005690509453415871,0.005690509453415871,0.0,True,True,True,True,True
245,20260862,20260862,0,1,0.0056074573658406734,0.0056074573658406734,0.0,True,True,True,True,True
246,20260863,20260863,0,2,0.005687330383807421,0.005687330383807421,0.0,True,True,True,True,True
247,20260864,20260864,0,3,0.005799002014100552,0.005799002014100552,0.0,True,True,True,True,True
248,20260865,20260865,0,0,0.005497483070939779,0.005497483070939779,0.0,True,True,True,True,True
249,20260866,20260866,0,1,0.005335955414921045,0.005335955414921045,0.0,True,True,True,True,True
250,20260867,20260867,0,2,0.00569689879193902,0.00569689879193902,0.0,True,True,True,True,True
251,20260868,20260868,0,3,0.0056130713783204556,0.0056130713783204556,0.0,True,True,True,True,True
252,20260869,20260869,0,0,0.0053829774260520935,0.0053829774260520935,0.0,True,True,True,True,True
253,20260870,20260870,0,1,0.0056553734466433525,0.0056553734466433525,0.0,True,True,True,True,True
254,20260871,20260871,0,2,0.005560749210417271,0.005560749210417271,0.0,True,True,True,True,True
255,20260872,20260872,0,3,0.005761365406215191,0.005761365406215191,0.0,True,True,True,True,True
256,20260873,20260873,0,0,0.0055563608184456825,0.0055563608184456825,0.0,True,True,True,True,True
257,20260874,20260874,0,1,0.005443010479211807,0.005443010479211807,0.0,True,True,True,True,True
258,20260875,20260875,0,2,0.005459627602249384,0.005459627602249384,0.0,True,True,True,True,True
259,20260876,20260876,0,3,0.005881111137568951,0.005881111137568951,0.0,True,True,True,True,True
260,20260877,20260877,0,0,0.005688907112926245,0.005688907112926245,0.0,True,True,True,True,True
261,20260878,20260878,0,1,0.006155004724860191,0.006155004724860191,0.0,True,True,True,True,True
262,20260879,20260879,0,2,0.00570804625749588,0.00570804625749588,0.0,True,True,True,True,True
263,20260880,20260880,0,3,0.005337284877896309,0.005337284877896309,0.0,True,True,True,True,True
264,20260881,20260881,0,0,0.005428607575595379,0.005428607575595379,0.0,True,True,True,True,True
265,20260882,20260882,0,1,0.005814321339130402,0.005814321339130402,0.0,True,True,True,True,True
266,20260883,20260883,0,2,0.005423702299594879,0.005423702299594879,0.0,True,True,True,True,True
267,20260884,20260884,0,3,0.005558946635574102,0.005558946635574102,0.0,True,True,True,True,True
268,20260885,20260885,0,0,0.0055779279209673405,0.0055779279209673405,0.0,True,True,True,True,True
269,20260886,20260886,0,1,0.005787663161754608,0.005787663161754608,0.0,True,True,True,True,True
270,20260887,20260887,0,2,0.005525916814804077,0.005525916814804077,0.0,True,True,True,True,True
271,20260888,20260888,0,3,0.005777592305094004,0.005777592305094004,0.0,True,True,True,True,True
272,20260889,20260889,0,0,0.0057098171673715115,0.0057098171673715115,0.0,True,True,True,True,True
273,20260890,20260890,0,1,0.005605094600468874,0.005605094600468874,0.0,True,True,True,True,True
274,20260891,20260891,0,2,0.005695442669093609,0.005695442669093609,0.0,True,True,True,True,True
275,20260892,20260892,0,3,0.005793098360300064,0.005793098360300064,0.0,True,True,True,True,True
276,20260893,20260893,0,0,0.00586311612278223,0.00586311612278223,0.0,True,True,True,True,True
277,20260894,20260894,0,1,0.005759360734373331,0.005759360734373331,0.0,True,True,True,True,True
278,20260895,20260895,0,2,0.00547709921374917,0.00547709921374917,0.0,True,True,True,True,True
279,20260896,20260896,0,3,0.005614039022475481,0.005614039022475481,0.0,True,True,True,True,True
280,20260897,20260897,0,0,0.005418953485786915,0.005418953485786915,0.0,True,True,True,True,True
281,20260898,20260898,0,1,0.005734539590775967,0.005734539590775967,0.0,True,True,True,True,True
282,20260899,20260899,0,2,0.005504406988620758,0.005504406988620758,0.0,True,True,True,True,True
283,20260900,20260900,0,3,0.005557804834097624,0.005557804834097624,0.0,True,True,True,True,True
284,20260901,20260901,0,0,0.005358976311981678,0.005358976311981678,0.0,True,True,True,True,True
285,20260902,20260902,0,1,0.0057529304176568985,0.0057529304176568985,0.0,True,True,True,True,True
286,20260903,20260903,0,2,0.00561188580468297,0.00561188580468297,0.0,True,True,True,True,True
287,20260904,20260904,0,3,0.005654666107147932,0.005654666107147932,0.0,True,True,True,True,True
288,20260905,20260905,0,0,0.005424208473414183,0.005424208473414183,0.0,True,True,True,True,True
289,20260906,20260906,0,1,0.005365570075809956,0.005365570075809956,0.0,True,True,True,True,True
290,20260907,20260907,0,2,0.0054108030162751675,0.0054108030162751675,0.0,True,True,True,True,True
291,20260908,20260908,0,3,0.005678137764334679,0.005678137764334679,0.0,True,True,True,True,True
292,20260909,20260909,0,0,0.005813922267407179,0.005813922267407179,0.0,True,True,True,True,True
293,20260910,20260910,0,1,0.005692967213690281,0.005692967213690281,0.0,True,True,True,True,True
294,20260911,20260911,0,2,0.005945803131908178,0.005945803131908178,0.0,True,True,True,True,True
295,20260912,20260912,0,3,0.00536793889477849,0.00536793889477849,0.0,True,True,True,True,True
296,20260913,20260913,0,0,0.005486415699124336,0.005486415699124336,0.0,True,True,True,True,True
297,20260914,20260914,0,1,0.005649496801197529,0.005649496801197529,0.0,True,True,True,True,True
298,20260915,20260915,0,2,0.005565252620726824,0.005565252620726824,0.0,True,True,True,True,True
299,20260916,20260916,0,3,0.005755587946623564,0.005755587946623564,0.0,True,True,True,True,True
300,20260917,20260917,0,0,0.005546240136027336,0.005546240136027336,0.0,True,True,True,True,True
301,20260918,20260918,0,1,0.005478900391608477,0.005478900391608477,0.0,True,True,True,True,True
302,20260919,20260919,0,2,0.005700488109141588,0.005700488109141588,0.0,True,True,True,True,True
303,20260920,20260920,0,3,0.00618444150313735,0.00618444150313735,0.0,True,True,True,True,True
304,20260921,20260921,0,0,0.005365466233342886,0.005365466233342886,0.0,True,True,True,True,True
305,20260922,20260922,0,1,0.005782254971563816,0.005782254971563816,0.0,True,True,True,True,True
306,20260923,20260923,0,2,0.005885573569685221,0.005885573569685221,0.0,True,True,True,True,True
307,20260924,20260924,0,3,0.0058044809848070145,0.0058044809848070145,0.0,True,True,True,True,True
308,20260925,20260925,0,0,0.005693203303962946,0.005693203303962946,0.0,True,True,True,True,True
309,20260926,20260926,0,1,0.0056068627163767815,0.0056068627163767815,0.0,True,True,True,True,True
310,20260927,20260927,0,2,0.005809288006275892,0.005809288006275892,0.0,True,True,True,True,True
311,20260928,20260928,0,3,0.0056541371159255505,0.0056541371159255505,0.0,True,True,True,True,True
312,20260929,20260929,0,0,0.0056485384702682495,0.0056485384702682495,0.0,True,True,True,True,True
313,20260930,20260930,0,1,0.006022673565894365,0.006022673565894365,0.0,True,True,True,True,True
314,20260931,20260931,0,2,0.0059602754190564156,0.0059602754190564156,0.0,True,True,True,True,True
315,20260932,20260932,0,3,0.005754365120083094,0.005754365120083094,0.0,True,True,True,True,True
316,20260933,20260933,0,0,0.005810333415865898,0.005810333415865898,0.0,True,True,True,True,True
317,20260934,20260934,0,1,0.005591996014118195,0.005591996014118195,0.0,True,True,True,True,True
318,20260935,20260935,0,2,0.005519572179764509,0.005519572179764509,0.0,True,True,True,True,True
319,20260936,20260936,0,3,0.005665680859237909,0.005665680859237909,0.0,True,True,True,True,True
320,20260937,20260937,0,0,0.005458897445350885,0.005458897445350885,0.0,True,True,True,True,True
321,20260938,20260938,0,1,0.005570927169173956,0.005570927169173956,0.0,True,True,True,True,True
322,20260939,20260939,0,2,0.005457224324345589,0.005457224324345589,0.0,True,True,True,True,True
323,20260940,20260940,0,3,0.0056645674630999565,0.0056645674630999565,0.0,True,True,True,True,True
324,20260941,20260941,0,0,0.0054820687510073185,0.0054820687510073185,0.0,True,True,True,True,True
325,20260942,20260942,0,1,0.006130808033049107,0.006130808033049107,0.0,True,True,True,True,True
326,20260943,20260943,0,2,0.0052189817652106285,0.0052189817652106285,0.0,True,True,True,True,True
327,20260944,20260944,0,3,0.005655558779835701,0.005655558779835701,0.0,True,True,True,True,True
328,20260945,20260945,0,0,0.005596944596618414,0.005596944596618414,0.0,True,True,True,True,True
329,20260946,20260946,0,1,0.005627837497740984,0.005627837497740984,0.0,True,True,True,True,True
330,20260947,20260947,0,2,0.005706852301955223,0.005706852301955223,0.0,True,True,True,True,True
331,20260948,20260948,0,3,0.005477286875247955,0.005477286875247955,0.0,True,True,True,True,True
332,20260949,20260949,0,0,0.005499028135091066,0.005499028135091066,0.0,True,True,True,True,True
333,20260950,20260950,0,1,0.005530986003577709,0.005530986003577709,0.0,True,True,True,True,True
334,20260951,20260951,0,2,0.005769575014710426,0.005769575014710426,0.0,True,True,True,True,True
335,20260952,20260952,0,3,0.005718941800296307,0.005718941800296307,0.0,True,True,True,True,True
336,20260953,20260953,0,0,0.006020387168973684,0.006020387168973684,0.0,True,True,True,True,True
337,20260954,20260954,0,1,0.0054738628678023815,0.0054738628678023815,0.0,True,True,True,True,True
338,20260955,20260955,0,2,0.005781854968518019,0.005781854968518019,0.0,True,True,True,True,True
339,20260956,20260956,0,3,0.005798918195068836,0.005798918195068836,0.0,True,True,True,True,True
340,20260957,20260957,0,0,0.005997038912028074,0.005997038912028074,0.0,True,True,True,True,True
341,20260958,20260958,0,1,0.005679578986018896,0.005679578986018896,0.0,True,True,True,True,True
342,20260959,20260959,0,2,0.005720907356590033,0.005720907356590033,0.0,True,True,True,True,True
343,20260960,20260960,0,3,0.005632436368614435,0.005632436368614435,0.0,True,True,True,True,True
344,20260961,20260961,0,0,0.00573886651545763,0.00573886651545763,0.0,True,True,True,True,True
345,20260962,20260962,0,1,0.005865934770554304,0.005865934770554304,0.0,True,True,True,True,True
346,20260963,20260963,0,2,0.005709280725568533,0.005709280725568533,0.0,True,True,True,True,True
347,20260964,20260964,0,3,0.005699941422790289,0.005699941422790289,0.0,True,True,True,True,True
348,20260965,20260965,0,0,0.0054907784797251225,0.0054907784797251225,0.0,True,True,True,True,True
349,20260966,20260966,0,1,0.005553996656090021,0.005553996656090021,0.0,True,True,True,True,True
350,20260967,20260967,0,2,0.005787048023194075,0.005787048023194075,0.0,True,True,True,True,True
351,20260968,20260968,0,3,0.005896219052374363,0.005896219052374363,0.0,True,True,True,True,True
352,20260969,20260969,0,0,0.005666082724928856,0.005666082724928856,0.0,True,True,True,True,True
353,20260970,20260970,0,1,0.005937964655458927,0.005937964655458927,0.0,True,True,True,True,True
354,20260971,20260971,0,2,0.005374396685510874,0.005374396685510874,0.0,True,True,True,True,True
355,20260972,20260972,0,3,0.005691316910088062,0.005691316910088062,0.0,True,True,True,True,True
356,20260973,20260973,0,0,0.00564941531047225,0.00564941531047225,0.0,True,True,True,True,True
357,20260974,20260974,0,1,0.005521408282220364,0.005521408282220364,0.0,True,True,True,True,True
358,20260975,20260975,0,2,0.005448495503515005,0.005448495503515005,0.0,True,True,True,True,True
359,20260976,20260976,0,3,0.005371131934225559,0.005371131934225559,0.0,True,True,True,True,True
360,20260977,20260977,0,0,0.005818111822009087,0.005818111822009087,0.0,True,True,True,True,True
361,20260978,20260978,0,1,0.005583852529525757,0.005583852529525757,0.0,True,True,True,True,True
362,20260979,20260979,0,2,0.005701321177184582,0.005701321177184582,0.0,True,True,True,True,True
363,20260980,20260980,0,3,0.00566313648596406,0.00566313648596406,0.0,True,True,True,True,True
364,20260981,20260981,0,0,0.005457520019263029,0.005457520019263029,0.0,True,True,True,True,True
365,20260982,20260982,0,1,0.0056508975103497505,0.0056508975103497505,0.0,True,True,True,True,True
366,20260983,20260983,0,2,0.005502920597791672,0.005502920597791672,0.0,True,True,True,True,True
367,20260984,20260984,0,3,0.005648963153362274,0.005648963153362274,0.0,True,True,True,True,True
368,20260985,20260985,0,0,0.005572953261435032,0.005572953261435032,0.0,True,True,True,True,True
369,20260986,20260986,0,1,0.005599982105195522,0.005599982105195522,0.0,True,True,True,True,True
370,20260987,20260987,0,2,0.005704163108021021,0.005704163108021021,0.0,True,True,True,True,True
371,20260988,20260988,0,3,0.006110277026891708,0.006110277026891708,0.0,True,True,True,True,True
372,20260989,20260989,0,0,0.005791616626083851,0.005791616626083851,0.0,True,True,True,True,True
373,20260990,20260990,0,1,0.005783569999039173,0.005783569999039173,0.0,True,True,True,True,True
374,20260991,20260991,0,2,0.0053685386665165424,0.0053685386665165424,0.0,True,True,True,True,True
375,20260992,20260992,0,3,0.005410264246165752,0.005410264246165752,0.0,True,True,True,True,True
376,20260993,20260993,0,0,0.005776680074632168,0.005776680074632168,0.0,True,True,True,True,True
377,20260994,20260994,0,1,0.005689349491149187,0.005689349491149187,0.0,True,True,True,True,True
378,20260995,20260995,0,2,0.0056540705263614655,0.0056540705263614655,0.0,True,True,True,True,True
379,20260996,20260996,0,3,0.0055156368762254715,0.0055156368762254715,0.0,True,True,True,True,True
380,20260997,20260997,0,0,0.005519198253750801,0.005519198253750801,0.0,True,True,True,True,True
381,20260998,20260998,0,1,0.005587601102888584,0.005587601102888584,0.0,True,True,True,True,True
382,20260999,20260999,0,2,0.005558383651077747,0.005558383651077747,0.0,True,True,True,True,True
383,20261000,20261000,0,3,0.005652193911373615,0.005652193911373615,0.0,True,True,True,True,True
384,20261001,20261001,0,0,0.005646882113069296,0.005646882113069296,0.0,True,True,True,True,True
385,20261002,20261002,0,1,0.005625476595014334,0.005625476595014334,0.0,True,True,True,True,True
386,20261003,20261003,0,2,0.005517591256648302,0.005517591256648302,0.0,True,True,True,True,True
387,20261004,20261004,0,3,0.005666669458150864,0.005666669458150864,0.0,True,True,True,True,True
388,20261005,20261005,0,0,0.005790828261524439,0.005790828261524439,0.0,True,True,True,True,True
389,20261006,20261006,0,1,0.005712288897484541,0.005712288897484541,0.0,True,True,True,True,True
390,20261007,20261007,0,2,0.005689647514373064,0.005689647514373064,0.0,True,True,True,True,True
391,20261008,20261008,0,3,0.005646384786814451,0.005646384786814451,0.0,True,True,True,True,True
392,20261009,20261009,0,0,0.005617745686322451,0.005617745686322451,0.0,True,True,True,True,True
393,20261010,20261010,0,1,0.0056787473149597645,0.0056787473149597645,0.0,True,True,True,True,True
394,20261011,20261011,0,2,0.005738424602895975,0.005738424602895975,0.0,True,True,True,True,True
395,20261012,20261012,0,3,0.005720818415284157,0.005720818415284157,0.0,True,True,True,True,True
396,20261013,20261013,0,0,0.005707849282771349,0.005707849282771349,0.0,True,True,True,True,True
397,20261014,20261014,0,1,0.005851878318935633,0.005851878318935633,0.0,True,True,True,True,True
398,20261015,20261015,0,2,0.005547154229134321,0.005547154229134321,0.0,True,True,True,True,True
399,20261016,20261016,0,3,0.005628250073641539,0.005628250073641539,0.0,True,True,True,True,True
400,20261017,20261017,0,0,0.005732296034693718,0.005732296034693718,0.0,True,True,True,True,True
401,20261018,20261018,0,1,0.006045873276889324,0.006045873276889324,0.0,True,True,True,True,True
402,20261019,20261019,0,2,0.005700521636754274,0.005700521636754274,0.0,True,True,True,True,True
403,20261020,20261020,0,3,0.005566582549363375,0.005566582549363375,0.0,True,True,True,True,True
404,20261021,20261021,0,0,0.005533076822757721,0.005533076822757721,0.0,True,True,True,True,True
405,20261022,20261022,0,1,0.005670363083481789,0.005670363083481789,0.0,True,True,True,True,True
406,20261023,20261023,0,2,0.005782976746559143,0.005782976746559143,0.0,True,True,True,True,True
407,20261024,20261024,0,3,0.005797268822789192,0.005797268822789192,0.0,True,True,True,True,True
408,20261025,20261025,0,0,0.0056891473941504955,0.0056891473941504955,0.0,True,True,True,True,True
409,20261026,20261026,0,1,0.005359725560992956,0.005359725560992956,0.0,True,True,True,True,True
410,20261027,20261027,0,2,0.005623896140605211,0.005623896140605211,0.0,True,True,True,True,True
411,20261028,20261028,0,3,0.005628233775496483,0.005628233775496483,0.0,True,True,True,True,True
412,20261029,20261029,0,0,0.005587292369455099,0.005587292369455099,0.0,True,True,True,True,True
413,20261030,20261030,0,1,0.0053887031972408295,0.0053887031972408295,0.0,True,True,True,True,True
414,20261031,20261031,0,2,0.005672226659953594,0.005672226659953594,0.0,True,True,True,True,True
415,20261032,20261032,0,3,0.006000698544085026,0.006000698544085026,0.0,True,True,True,True,True
416,20261033,20261033,0,0,0.005618460476398468,0.005618460476398468,0.0,True,True,True,True,True
417,20261034,20261034,0,1,0.0056249224580824375,0.0056249224580824375,0.0,True,True,True,True,True
418,20261035,20261035,0,2,0.005765959154814482,0.005765959154814482,0.0,True,True,True,True,True
419,20261036,20261036,0,3,0.0056131999008357525,0.0056131999008357525,0.0,True,True,True,True,True
420,20261037,20261037,0,0,0.00566224567592144,0.00566224567592144,0.0,True,True,True,True,True
421,20261038,20261038,0,1,0.005509329028427601,0.005509329028427601,0.0,True,True,True,True,True
422,20261039,20261039,0,2,0.00569089176133275,0.00569089176133275,0.0,True,True,True,True,True
423,20261040,20261040,0,3,0.005508016794919968,0.005508016794919968,0.0,True,True,True,True,True
424,20261041,20261041,0,0,0.0055209314450621605,0.0055209314450621605,0.0,True,True,True,True,True
425,20261042,20261042,0,1,0.0055398656986653805,0.0055398656986653805,0.0,True,True,True,True,True
426,20261043,20261043,0,2,0.0052945055067539215,0.0052945055067539215,0.0,True,True,True,True,True
427,20261044,20261044,0,3,0.005728766322135925,0.005728766322135925,0.0,True,True,True,True,True
428,20261045,20261045,0,0,0.005733099300414324,0.005733099300414324,0.0,True,True,True,True,True
429,20261046,20261046,0,1,0.005725665483623743,0.005725665483623743,0.0,True,True,True,True,True
430,20261047,20261047,0,2,0.005641576834022999,0.005641576834022999,0.0,True,True,True,True,True
431,20261048,20261048,0,3,0.005322396755218506,0.005322396755218506,0.0,True,True,True,True,True
432,20261049,20261049,0,0,0.005557191092520952,0.005557191092520952,0.0,True,True,True,True,True
433,20261050,20261050,0,1,0.005563357379287481,0.005563357379287481,0.0,True,True,True,True,True
434,20261051,20261051,0,2,0.0053326645866036415,0.0053326645866036415,0.0,True,True,True,True,True
435,20261052,20261052,0,3,0.005547169595956802,0.005547169595956802,0.0,True,True,True,True,True
436,20261053,20261053,0,0,0.005645423196256161,0.005645423196256161,0.0,True,True,True,True,True
437,20261054,20261054,0,1,0.005614215973764658,0.005614215973764658,0.0,True,True,True,True,True
438,20261055,20261055,0,2,0.00570910656824708,0.00570910656824708,0.0,True,True,True,True,True
439,20261056,20261056,0,3,0.005398433189839125,0.005398433189839125,0.0,True,True,True,True,True
440,20261057,20261057,0,0,0.005945021286606789,0.005945021286606789,0.0,True,True,True,True,True
441,20261058,20261058,0,1,0.0055572218261659145,0.0055572218261659145,0.0,True,True,True,True,True
442,20261059,20261059,0,2,0.005655055399984121,0.005655055399984121,0.0,True,True,True,True,True
443,20261060,20261060,0,3,0.00569565687328577,0.00569565687328577,0.0,True,True,True,True,True
444,20261061,20261061,0,0,0.005716540385037661,0.005716540385037661,0.0,True,True,True,True,True
445,20261062,20261062,0,1,0.005705154035240412,0.005705154035240412,0.0,True,True,True,True,True
446,20261063,20261063,0,2,0.00582028878852725,0.00582028878852725,0.0,True,True,True,True,True
447,20261064,20261064,0,3,0.0054778000339865685,0.0054778000339865685,0.0,True,True,True,True,True
448,20261065,20261065,0,0,0.005666270852088928,0.005666270852088928,0.0,True,True,True,True,True
449,20261066,20261066,0,1,0.005556090734899044,0.005556090734899044,0.0,True,True,True,True,True
450,20261067,20261067,0,2,0.005508161149919033,0.005508161149919033,0.0,True,True,True,True,True
451,20261068,20261068,0,3,0.005310319364070892,0.005310319364070892,0.0,True,True,True,True,True
452,20261069,20261069,0,0,0.005532796029001474,0.005532796029001474,0.0,True,True,True,True,True
453,20261070,20261070,0,1,0.005739950109273195,0.005739950109273195,0.0,True,True,True,True,True
454,20261071,20261071,0,2,0.005435512866824865,0.005435512866824865,0.0,True,True,True,True,True
455,20261072,20261072,0,3,0.005689361598342657,0.005689361598342657,0.0,True,True,True,True,True
456,20261073,20261073,0,0,0.005775104276835918,0.005775104276835918,0.0,True,True,True,True,True
457,20261074,20261074,0,1,0.005506148561835289,0.005506148561835289,0.0,True,True,True,True,True
458,20261075,20261075,0,2,0.005865928716957569,0.005865928716957569,0.0,True,True,True,True,True
459,20261076,20261076,0,3,0.005526022985577583,0.005526022985577583,0.0,True,True,True,True,True
460,20261077,20261077,0,0,0.005422895308583975,0.005422895308583975,0.0,True,True,True,True,True
461,20261078,20261078,0,1,0.005993771366775036,0.005993771366775036,0.0,True,True,True,True,True
462,20261079,20261079,0,2,0.005803219974040985,0.005803219974040985,0.0,True,True,True,True,True
463,20261080,20261080,0,3,0.0055350037291646,0.0055350037291646,0.0,True,True,True,True,True
464,20261081,20261081,0,0,0.005649135448038578,0.005649135448038578,0.0,True,True,True,True,True
465,20261082,20261082,0,1,0.005837113130837679,0.005837113130837679,0.0,True,True,True,True,True
466,20261083,20261083,0,2,0.005607765633612871,0.005607765633612871,0.0,True,True,True,True,True
467,20261084,20261084,0,3,0.005373444873839617,0.005373444873839617,0.0,True,True,True,True,True
468,20261085,20261085,0,0,0.005773301236331463,0.005773301236331463,0.0,True,True,True,True,True
469,20261086,20261086,0,1,0.005520232953131199,0.005520232953131199,0.0,True,True,True,True,True
470,20261087,20261087,0,2,0.005607693921774626,0.005607693921774626,0.0,True,True,True,True,True
471,20261088,20261088,0,3,0.005631182808429003,0.005631182808429003,0.0,True,True,True,True,True
472,20261089,20261089,0,0,0.005348915234208107,0.005348915234208107,0.0,True,True,True,True,True
473,20261090,20261090,0,1,0.005528327077627182,0.005528327077627182,0.0,True,True,True,True,True
474,20261091,20261091,0,2,0.0054198079742491245,0.0054198079742491245,0.0,True,True,True,True,True
475,20261092,20261092,0,3,0.005435268860310316,0.005435268860310316,0.0,True,True,True,True,True
476,20261093,20261093,0,0,0.005476350896060467,0.005476350896060467,0.0,True,True,True,True,True
477,20261094,20261094,0,1,0.005685444455593824,0.005685444455593824,0.0,True,True,True,True,True
478,20261095,20261095,0,2,0.005493667908012867,0.005493667908012867,0.0,True,True,True,True,True
479,20261096,20261096,0,3,0.00552938599139452,0.00552938599139452,0.0,True,True,True,True,True
480,20261097,20261097,0,0,0.005762518849223852,0.005762518849223852,0.0,True,True,True,True,True
481,20261098,20261098,0,1,0.005531380418688059,0.005531380418688059,0.0,True,True,True,True,True
482,20261099,20261099,0,2,0.005483945365995169,0.005483945365995169,0.0,True,True,True,True,True
483,20261100,20261100,0,3,0.005541926249861717,0.005541926249861717,0.0,True,True,True,True,True
484,20261101,20261101,0,0,0.005521641578525305,0.005521641578525305,0.0,True,True,True,True,True
485,20261102,20261102,0,1,0.005650543607771397,0.005650543607771397,0.0,True,True,True,True,True
486,20261103,20261103,0,2,0.005445396061986685,0.005445396061986685,0.0,True,True,True,True,True
487,20261104,20261104,0,3,0.005981213878840208,0.005981213878840208,0.0,True,True,True,True,True
488,20261105,20261105,0,0,0.005772827658802271,0.005772827658802271,0.0,True,True,True,True,True
489,20261106,20261106,0,1,0.005736666731536388,0.005736666731536388,0.0,True,True,True,True,True
490,20261107,20261107,0,2,0.005332225933670998,0.005332225933670998,0.0,True,True,True,True,True
491,20261108,20261108,0,3,0.005690788384526968,0.005690788384526968,0.0,True,True,True,True,True
492,20261109,20261109,0,0,0.005597717594355345,0.005597717594355345,0.0,True,True,True,True,True
493,20261110,20261110,0,1,0.005866893567144871,0.005866893567144871,0.0,True,True,True,True,True
494,20261111,20261111,0,2,0.00566388014703989,0.00566388014703989,0.0,True,True,True,True,True
495,20261112,20261112,0,3,0.005819301120936871,0.005819301120936871,0.0,True,True,True,True,True
496,20261113,20261113,0,0,0.005460584536194801,0.005460584536194801,0.0,True,True,True,True,True
497,20261114,20261114,0,1,0.0055774301290512085,0.0055774301290512085,0.0,True,True,True,True,True
498,20261115,20261115,0,2,0.005766608752310276,0.005766608752310276,0.0,True,True,True,True,True
499,20261116,20261116,0,3,0.005699029192328453,0.005699029192328453,0.0,True,True,True,True,True
500,20261117,20261117,0,0,0.005457444582134485,0.005457444582134485,0.0,True,True,True,True,True
501,20261118,20261118,0,1,0.0055886427871882915,0.0055886427871882915,0.0,True,True,True,True,True
502,20261119,20261119,0,2,0.005667666904628277,0.005667666904628277,0.0,True,True,True,True,True
503,20261120,20261120,0,3,0.005877344403415918,0.005877344403415918,0.0,True,True,True,True,True
504,20261121,20261121,0,0,0.005586729850620031,0.005586729850620031,0.0,True,True,True,True,True
505,20261122,20261122,0,1,0.005712155252695084,0.005712155252695084,0.0,True,True,True,True,True
506,20261123,20261123,0,2,0.00572387408465147,0.00572387408465147,0.0,True,True,True,True,True
507,20261124,20261124,0,3,0.005620383657515049,0.005620383657515049,0.0,True,True,True,True,True
508,20261125,20261125,0,0,0.0053531634621322155,0.0053531634621322155,0.0,True,True,True,True,True
509,20261126,20261126,0,1,0.005497304257005453,0.005497304257005453,0.0,True,True,True,True,True
510,20261127,20261127,0,2,0.005725739523768425,0.005725739523768425,0.0,True,True,True,True,True
511,20261128,20261128,0,3,0.005867160856723785,0.005867160856723785,0.0,True,True,True,True,True
512,20261129,20261129,0,0,0.005717251915484667,0.005717251915484667,0.0,True,True,True,True,True
513,20261130,20261130,0,1,0.005787760950624943,0.005787760950624943,0.0,True,True,True,True,True
514,20261131,20261131,0,2,0.005677630193531513,0.005677630193531513,0.0,True,True,True,True,True
515,20261132,20261132,0,3,0.005513092502951622,0.005513092502951622,0.0,True,True,True,True,True
516,20261133,20261133,0,0,0.005722335074096918,0.005722335074096918,0.0,True,True,True,True,True
517,20261134,20261134,0,1,0.005464019253849983,0.005464019253849983,0.0,True,True,True,True,True
518,20261135,20261135,0,2,0.005512264557182789,0.005512264557182789,0.0,True,True,True,True,True
519,20261136,20261136,0,3,0.005326564889401197,0.005326564889401197,0.0,True,True,True,True,True
520,20261137,20261137,0,0,0.00579289672896266,0.00579289672896266,0.0,True,True,True,True,True
521,20261138,20261138,0,1,0.005697783548384905,0.005697783548384905,0.0,True,True,True,True,True
522,20261139,20261139,0,2,0.005675879307091236,0.005675879307091236,0.0,True,True,True,True,True
523,20261140,20261140,0,3,0.005374457221478224,0.005374457221478224,0.0,True,True,True,True,True
524,20261141,20261141,0,0,0.005796223878860474,0.005796223878860474,0.0,True,True,True,True,True
525,20261142,20261142,0,1,0.005769227631390095,0.005769227631390095,0.0,True,True,True,True,True
526,20261143,20261143,0,2,0.005467687733471394,0.005467687733471394,0.0,True,True,True,True,True
527,20261144,20261144,0,3,0.005583566147834063,0.005583566147834063,0.0,True,True,True,True,True
528,20261145,20261145,0,0,0.005711491219699383,0.005711491219699383,0.0,True,True,True,True,True
529,20261146,20261146,0,1,0.005917749367654324,0.005917749367654324,0.0,True,True,True,True,True
530,20261147,20261147,0,2,0.00578291155397892,0.00578291155397892,0.0,True,True,True,True,True
531,20261148,20261148,0,3,0.005453509744256735,0.005453509744256735,0.0,True,True,True,True,True
532,20261149,20261149,0,0,0.005526770371943712,0.005526770371943712,0.0,True,True,True,True,True
533,20261150,20261150,0,1,0.005636179354041815,0.005636179354041815,0.0,True,True,True,True,True
534,20261151,20261151,0,2,0.005876021459698677,0.005876021459698677,0.0,True,True,True,True,True
535,20261152,20261152,0,3,0.005651830229908228,0.005651830229908228,0.0,True,True,True,True,True
536,20261153,20261153,0,0,0.005441789515316486,0.005441789515316486,0.0,True,True,True,True,True
537,20261154,20261154,0,1,0.005388906225562096,0.005388906225562096,0.0,True,True,True,True,True
538,20261155,20261155,0,2,0.005609969142824411,0.005609969142824411,0.0,True,True,True,True,True
539,20261156,20261156,0,3,0.00567956967279315,0.00567956967279315,0.0,True,True,True,True,True
540,20261157,20261157,0,0,0.005521982908248901,0.005521982908248901,0.0,True,True,True,True,True
541,20261158,20261158,0,1,0.005330283660441637,0.005330283660441637,0.0,True,True,True,True,True
542,20261159,20261159,0,2,0.005948943085968494,0.005948943085968494,0.0,True,True,True,True,True
543,20261160,20261160,0,3,0.005710330326110125,0.005710330326110125,0.0,True,True,True,True,True
544,20261161,20261161,0,0,0.005728157237172127,0.005728157237172127,0.0,True,True,True,True,True
545,20261162,20261162,0,1,0.0055572218261659145,0.0055572218261659145,0.0,True,True,True,True,True
546,20261163,20261163,0,2,0.0057976627722382545,0.0057976627722382545,0.0,True,True,True,True,True
547,20261164,20261164,0,3,0.00550396041944623,0.00550396041944623,0.0,True,True,True,True,True
548,20261165,20261165,0,0,0.005595100577920675,0.005595100577920675,0.0,True,True,True,True,True
549,20261166,20261166,0,1,0.005590362939983606,0.005590362939983606,0.0,True,True,True,True,True
550,20261167,20261167,0,2,0.0059168837033212185,0.0059168837033212185,0.0,True,True,True,True,True
551,20261168,20261168,0,3,0.005343461409211159,0.005343461409211159,0.0,True,True,True,True,True
552,20261169,20261169,0,0,0.0059129539877176285,0.0059129539877176285,0.0,True,True,True,True,True
553,20261170,20261170,0,1,0.005735281389206648,0.005735281389206648,0.0,True,True,True,True,True
554,20261171,20261171,0,2,0.005503790453076363,0.005503790453076363,0.0,True,True,True,True,True
555,20261172,20261172,0,3,0.005469944328069687,0.005469944328069687,0.0,True,True,True,True,True
556,20261173,20261173,0,0,0.005789218936115503,0.005789218936115503,0.0,True,True,True,True,True
557,20261174,20261174,0,1,0.005516973789781332,0.005516973789781332,0.0,True,True,True,True,True
558,20261175,20261175,0,2,0.005620759911835194,0.005620759911835194,0.0,True,True,True,True,True
559,20261176,20261176,0,3,0.005480478517711163,0.005480478517711163,0.0,True,True,True,True,True
560,20261177,20261177,0,0,0.005628196056932211,0.005628196056932211,0.0,True,True,True,True,True
561,20261178,20261178,0,1,0.00577998161315918,0.00577998161315918,0.0,True,True,True,True,True
562,20261179,20261179,0,2,0.0052156466990709305,0.0052156466990709305,0.0,True,True,True,True,True
563,20261180,20261180,0,3,0.005508066155016422,0.005508066155016422,0.0,True,True,True,True,True
564,20261181,20261181,0,0,0.005481140222400427,0.005481140222400427,0.0,True,True,True,True,True
565,20261182,20261182,0,1,0.005703983828425407,0.005703983828425407,0.0,True,True,True,True,True
566,20261183,20261183,0,2,0.005703192204236984,0.005703192204236984,0.0,True,True,True,True,True
567,20261184,20261184,0,3,0.005750547628849745,0.005750547628849745,0.0,True,True,True,True,True
568,20261185,20261185,0,0,0.005672586616128683,0.005672586616128683,0.0,True,True,True,True,True
569,20261186,20261186,0,1,0.005556110292673111,0.005556110292673111,0.0,True,True,True,True,True
570,20261187,20261187,0,2,0.005323846824467182,0.005323846824467182,0.0,True,True,True,True,True
571,20261188,20261188,0,3,0.005617423914372921,0.005617423914372921,0.0,True,True,True,True,True
572,20261189,20261189,0,0,0.005761172156780958,0.005761172156780958,0.0,True,True,True,True,True
573,20261190,20261190,0,1,0.005660283379256725,0.005660283379256725,0.0,True,True,True,True,True
574,20261191,20261191,0,2,0.005750779528170824,0.005750779528170824,0.0,True,True,True,True,True
575,20261192,20261192,0,3,0.00553643936291337,0.00553643936291337,0.0,True,True,True,True,True
576,20261193,20261193,0,0,0.005648768041282892,0.005648768041282892,0.0,True,True,True,True,True
577,20261194,20261194,0,1,0.00559813529253006,0.00559813529253006,0.0,True,True,True,True,True
578,20261195,20261195,0,2,0.0057752737775444984,0.0057752737775444984,0.0,True,True,True,True,True
579,20261196,20261196,0,3,0.005707429256290197,0.005707429256290197,0.0,True,True,True,True,True
580,20261197,20261197,0,0,0.005580449476838112,0.005580449476838112,0.0,True,True,True,True,True
581,20261198,20261198,0,1,0.005561025347560644,0.005561025347560644,0.0,True,True,True,True,True
582,20261199,20261199,0,2,0.005806636996567249,0.005806636996567249,0.0,True,True,True,True,True
583,20261200,20261200,0,3,0.0057134791277348995,0.0057134791277348995,0.0,True,True,True,True,True
584,20261201,20261201,0,0,0.005657800007611513,0.005657800007611513,0.0,True,True,True,True,True
585,20261202,20261202,0,1,0.005659514106810093,0.005659514106810093,0.0,True,True,True,True,True
586,20261203,20261203,0,2,0.005571707151830196,0.005571707151830196,0.0,True,True,True,True,True
587,20261204,20261204,0,3,0.005609648302197456,0.005609648302197456,0.0,True,True,True,True,True
588,20261205,20261205,0,0,0.005706288851797581,0.005706288851797581,0.0,True,True,True,True,True
589,20261206,20261206,0,1,0.005848981440067291,0.005848981440067291,0.0,True,True,True,True,True
590,20261207,20261207,0,2,0.00573878875002265,0.00573878875002265,0.0,True,True,True,True,True
591,20261208,20261208,0,3,0.005486757028847933,0.005486757028847933,0.0,True,True,True,True,True
592,20261209,20261209,0,0,0.00581879448145628,0.00581879448145628,0.0,True,True,True,True,True
593,20261210,20261210,0,1,0.005590764805674553,0.005590764805674553,0.0,True,True,True,True,True
594,20261211,20261211,0,2,0.005686964839696884,0.005686964839696884,0.0,True,True,True,True,True
595,20261212,20261212,0,3,0.0056442986242473125,0.0056442986242473125,0.0,True,True,True,True,True
596,20261213,20261213,0,0,0.005648013204336166,0.005648013204336166,0.0,True,True,True,True,True
597,20261214,20261214,0,1,0.005702960304915905,0.005702960304915905,0.0,True,True,True,True,True
598,20261215,20261215,0,2,0.005347125232219696,0.005347125232219696,0.0,True,True,True,True,True
599,20261216,20261216,0,3,0.005705542862415314,0.005705542862415314,0.0,True,True,True,True,True
600,20261217,20261217,0,0,0.0057929204776883125,0.0057929204776883125,0.0,True,True,True,True,True
601,20261218,20261218,0,1,0.005616284441202879,0.005616284441202879,0.0,True,True,True,True,True
602,20261219,20261219,0,2,0.00557879451662302,0.00557879451662302,0.0,True,True,True,True,True
603,20261220,20261220,0,3,0.005293587222695351,0.005293587222695351,0.0,True,True,True,True,True
604,20261221,20261221,0,0,0.005385403987020254,0.005385403987020254,0.0,True,True,True,True,True
605,20261222,20261222,0,1,0.005620919167995453,0.005620919167995453,0.0,True,True,True,True,True
606,20261223,20261223,0,2,0.005369290243834257,0.005369290243834257,0.0,True,True,True,True,True
607,20261224,20261224,0,3,0.005319788120687008,0.005319788120687008,0.0,True,True,True,True,True
608,20261225,20261225,0,0,0.005616446491330862,0.005616446491330862,0.0,True,True,True,True,True
609,20261226,20261226,0,1,0.005418824963271618,0.005418824963271618,0.0,True,True,True,True,True
610,20261227,20261227,0,2,0.005748298484832048,0.005748298484832048,0.0,True,True,True,True,True
611,20261228,20261228,0,3,0.005823290906846523,0.005823290906846523,0.0,True,True,True,True,True
612,20261229,20261229,0,0,0.005583611316978931,0.005583611316978931,0.0,True,True,True,True,True
613,20261230,20261230,0,1,0.0053377472795546055,0.0053377472795546055,0.0,True,True,True,True,True
614,20261231,20261231,0,2,0.005348540376871824,0.005348540376871824,0.0,True,True,True,True,True
615,20261232,20261232,0,3,0.0059827095828950405,0.0059827095828950405,0.0,True,True,True,True,True
616,20261233,20261233,0,0,0.005567840300500393,0.005567840300500393,0.0,True,True,True,True,True
617,20261234,20261234,0,1,0.005868608597666025,0.005868608597666025,0.0,True,True,True,True,True
618,20261235,20261235,0,2,0.005511252675205469,0.005511252675205469,0.0,True,True,True,True,True
619,20261236,20261236,0,3,0.005626164376735687,0.005626164376735687,0.0,True,True,True,True,True
620,20261237,20261237,0,0,0.005615682806819677,0.005615682806819677,0.0,True,True,True,True,True
621,20261238,20261238,0,1,0.005925572477281094,0.005925572477281094,0.0,True,True,True,True,True
622,20261239,20261239,0,2,0.005779745988547802,0.005779745988547802,0.0,True,True,True,True,True
623,20261240,20261240,0,3,0.005679835565388203,0.005679835565388203,0.0,True,True,True,True,True
624,20261241,20261241,0,0,0.0057175038382411,0.0057175038382411,0.0,True,True,True,True,True
625,20261242,20261242,0,1,0.006080718711018562,0.006080718711018562,0.0,True,True,True,True,True
626,20261243,20261243,0,2,0.005971684120595455,0.005971684120595455,0.0,True,True,True,True,True
627,20261244,20261244,0,3,0.005669695325195789,0.005669695325195789,0.0,True,True,True,True,True
628,20261245,20261245,0,0,0.005406460724771023,0.005406460724771023,0.0,True,True,True,True,True
629,20261246,20261246,0,1,0.005747794173657894,0.005747794173657894,0.0,True,True,True,True,True
630,20261247,20261247,0,2,0.005757313221693039,0.005757313221693039,0.0,True,True,True,True,True
631,20261248,20261248,0,3,0.0054151443764567375,0.0054151443764567375,0.0,True,True,True,True,True
632,20261249,20261249,0,0,0.005736180115491152,0.005736180115491152,0.0,True,True,True,True,True
633,20261250,20261250,0,1,0.005836335942149162,0.005836335942149162,0.0,True,True,True,True,True
634,20261251,20261251,0,2,0.006028370000422001,0.006028370000422001,0.0,True,True,True,True,True
635,20261252,20261252,0,3,0.005580984055995941,0.005580984055995941,0.0,True,True,True,True,True
636,20261253,20261253,0,0,0.005748040042817593,0.005748040042817593,0.0,True,True,True,True,True
637,20261254,20261254,0,1,0.005808250047266483,0.005808250047266483,0.0,True,True,True,True,True
638,20261255,20261255,0,2,0.0054758768528699875,0.0054758768528699875,0.0,True,True,True,True,True
639,20261256,20261256,0,3,0.005924227647483349,0.005924227647483349,0.0,True,True,True,True,True
640,20261257,20261257,0,0,0.0056642526760697365,0.0056642526760697365,0.0,True,True,True,True,True
641,20261258,20261258,0,1,0.005516288802027702,0.005516288802027702,0.0,True,True,True,True,True
642,20261259,20261259,0,2,0.005995369050651789,0.005995369050651789,0.0,True,True,True,True,True
643,20261260,20261260,0,3,0.005348420701920986,0.005348420701920986,0.0,True,True,True,True,True
644,20261261,20261261,0,0,0.005488249007612467,0.005488249007612467,0.0,True,True,True,True,True
645,20261262,20261262,0,1,0.005591866094619036,0.005591866094619036,0.0,True,True,True,True,True
646,20261263,20261263,0,2,0.00591878080740571,0.00591878080740571,0.0,True,True,True,True,True
647,20261264,20261264,0,3,0.005685548298060894,0.005685548298060894,0.0,True,True,True,True,True
648,20261265,20261265,0,0,0.005388852208852768,0.005388852208852768,0.0,True,True,True,True,True
649,20261266,20261266,0,1,0.005522200837731361,0.005522200837731361,0.0,True,True,True,True,True
650,20261267,20261267,0,2,0.005716259591281414,0.005716259591281414,0.0,True,True,True,True,True
651,20261268,20261268,0,3,0.005661192815750837,0.005661192815750837,0.0,True,True,True,True,True
652,20261269,20261269,0,0,0.0054877521470189095,0.0054877521470189095,0.0,True,True,True,True,True
653,20261270,20261270,0,1,0.005647765472531319,0.005647765472531319,0.0,True,True,True,True,True
654,20261271,20261271,0,2,0.005717169493436813,0.005717169493436813,0.0,True,True,True,True,True
655,20261272,20261272,0,3,0.005842401646077633,0.005842401646077633,0.0,True,True,True,True,True
656,20261273,20261273,0,0,0.005580590572208166,0.005580590572208166,0.0,True,True,True,True,True
657,20261274,20261274,0,1,0.005309078376740217,0.005309078376740217,0.0,True,True,True,True,True
658,20261275,20261275,0,2,0.005883063189685345,0.005883063189685345,0.0,True,True,True,True,True
659,20261276,20261276,0,3,0.005390826612710953,0.005390826612710953,0.0,True,True,True,True,True
660,20261277,20261277,0,0,0.005497527774423361,0.005497527774423361,0.0,True,True,True,True,True
661,20261278,20261278,0,1,0.0056896936148405075,0.0056896936148405075,0.0,True,True,True,True,True
662,20261279,20261279,0,2,0.005416708532720804,0.005416708532720804,0.0,True,True,True,True,True
663,20261280,20261280,0,3,0.005731102079153061,0.005731102079153061,0.0,True,True,True,True,True
664,20261281,20261281,0,0,0.005630070343613625,0.005630070343613625,0.0,True,True,True,True,True
665,20261282,20261282,0,1,0.005578962620347738,0.005578962620347738,0.0,True,True,True,True,True
666,20261283,20261283,0,2,0.005853669252246618,0.005853669252246618,0.0,True,True,True,True,True
667,20261284,20261284,0,3,0.005382411181926727,0.005382411181926727,0.0,True,True,True,True,True
668,20261285,20261285,0,0,0.00584395881742239,0.00584395881742239,0.0,True,True,True,True,True
669,20261286,20261286,0,1,0.0057194894179701805,0.0057194894179701805,0.0,True,True,True,True,True
670,20261287,20261287,0,2,0.005650739185512066,0.005650739185512066,0.0,True,True,True,True,True
671,20261288,20261288,0,3,0.005707076285034418,0.005707076285034418,0.0,True,True,True,True,True
672,20261289,20261289,0,0,0.005703425966203213,0.005703425966203213,0.0,True,True,True,True,True
673,20261290,20261290,0,1,0.005550290457904339,0.005550290457904339,0.0,True,True,True,True,True
674,20261291,20261291,0,2,0.005582316312938929,0.005582316312938929,0.0,True,True,True,True,True
675,20261292,20261292,0,3,0.005832083523273468,0.005832083523273468,0.0,True,True,True,True,True
676,20261293,20261293,0,0,0.006191943772137165,0.006191943772137165,0.0,True,True,True,True,True
677,20261294,20261294,0,1,0.005743775051087141,0.005743775051087141,0.0,True,True,True,True,True
678,20261295,20261295,0,2,0.005713952239602804,0.005713952239602804,0.0,True,True,True,True,True
679,20261296,20261296,0,3,0.0052793570794165134,0.0052793570794165134,0.0,True,True,True,True,True
680,20261297,20261297,0,0,0.005531210917979479,0.005531210917979479,0.0,True,True,True,True,True
681,20261298,20261298,0,1,0.005804719403386116,0.005804719403386116,0.0,True,True,True,True,True
682,20261299,20261299,0,2,0.0055451891385018826,0.0055451891385018826,0.0,True,True,True,True,True
683,20261300,20261300,0,3,0.0057015493512153625,0.0057015493512153625,0.0,True,True,True,True,True
684,20261301,20261301,0,0,0.005886949598789215,0.005886949598789215,0.0,True,True,True,True,True
685,20261302,20261302,0,1,0.00569444615393877,0.00569444615393877,0.0,True,True,True,True,True
686,20261303,20261303,0,2,0.005632610991597176,0.005632610991597176,0.0,True,True,True,True,True
687,20261304,20261304,0,3,0.005783177446573973,0.005783177446573973,0.0,True,True,True,True,True
688,20261305,20261305,0,0,0.00565495528280735,0.00565495528280735,0.0,True,True,True,True,True
689,20261306,20261306,0,1,0.0057227411307394505,0.0057227411307394505,0.0,True,True,True,True,True
690,20261307,20261307,0,2,0.0057327658869326115,0.0057327658869326115,0.0,True,True,True,True,True
691,20261308,20261308,0,3,0.005740974564105272,0.005740974564105272,0.0,True,True,True,True,True
692,20261309,20261309,0,0,0.005409175995737314,0.005409175995737314,0.0,True,True,True,True,True
693,20261310,20261310,0,1,0.0057504866272211075,0.0057504866272211075,0.0,True,True,True,True,True
694,20261311,20261311,0,2,0.0056344736367464066,0.0056344736367464066,0.0,True,True,True,True,True
695,20261312,20261312,0,3,0.005901589524000883,0.005901589524000883,0.0,True,True,True,True,True
696,20261313,20261313,0,0,0.0054966905154287815,0.0054966905154287815,0.0,True,True,True,True,True
697,20261314,20261314,0,1,0.005351892206817865,0.005351892206817865,0.0,True,True,True,True,True
698,20261315,20261315,0,2,0.005586786195635796,0.005586786195635796,0.0,True,True,True,True,True
699,20261316,20261316,0,3,0.005614685360342264,0.005614685360342264,0.0,True,True,True,True,True
700,20261317,20261317,0,0,0.005530160386115313,0.005530160386115313,0.0,True,True,True,True,True
701,20261318,20261318,0,1,0.0057499888353049755,0.0057499888353049755,0.0,True,True,True,True,True
702,20261319,20261319,0,2,0.0060509974136948586,0.0060509974136948586,0.0,True,True,True,True,True
703,20261320,20261320,0,3,0.00552884628996253,0.00552884628996253,0.0,True,True,True,True,True
704,20261321,20261321,0,0,0.005455609876662493,0.005455609876662493,0.0,True,True,True,True,True
705,20261322,20261322,0,1,0.005454040132462978,0.005454040132462978,0.0,True,True,True,True,True
706,20261323,20261323,0,2,0.005960474722087383,0.005960474722087383,0.0,True,True,True,True,True
707,20261324,20261324,0,3,0.005675674881786108,0.005675674881786108,0.0,True,True,True,True,True
708,20261325,20261325,0,0,0.005629584193229675,0.005629584193229675,0.0,True,True,True,True,True
709,20261326,20261326,0,1,0.005655547603964806,0.005655547603964806,0.0,True,True,True,True,True
710,20261327,20261327,0,2,0.0054862285032868385,0.0054862285032868385,0.0,True,True,True,True,True
711,20261328,20261328,0,3,0.005873945541679859,0.005873945541679859,0.0,True,True,True,True,True
712,20261329,20261329,0,0,0.005536171142011881,0.005536171142011881,0.0,True,True,True,True,True
713,20261330,20261330,0,1,0.005332556553184986,0.005332556553184986,0.0,True,True,True,True,True
714,20261331,20261331,0,2,0.005782383494079113,0.005782383494079113,0.0,True,True,True,True,True
715,20261332,20261332,0,3,0.005714872851967812,0.005714872851967812,0.0,True,True,True,True,True
716,20261333,20261333,0,0,0.005693091079592705,0.005693091079592705,0.0,True,True,True,True,True
717,20261334,20261334,0,1,0.005318247713148594,0.005318247713148594,0.0,True,True,True,True,True
718,20261335,20261335,0,2,0.005371956620365381,0.005371956620365381,0.0,True,True,True,True,True
719,20261336,20261336,0,3,0.005375302396714687,0.005375302396714687,0.0,True,True,True,True,True
720,20261337,20261337,0,0,0.005839941557496786,0.005839941557496786,0.0,True,True,True,True,True
721,20261338,20261338,0,1,0.005526052787899971,0.005526052787899971,0.0,True,True,True,True,True
722,20261339,20261339,0,2,0.005849915556609631,0.005849915556609631,0.0,True,True,True,True,True
723,20261340,20261340,0,3,0.005422110203653574,0.005422110203653574,0.0,True,True,True,True,True
724,20261341,20261341,0,0,0.0055578467436134815,0.0055578467436134815,0.0,True,True,True,True,True
725,20261342,20261342,0,1,0.005630808882415295,0.005630808882415295,0.0,True,True,True,True,True
726,20261343,20261343,0,2,0.005502982065081596,0.005502982065081596,0.0,True,True,True,True,True
727,20261344,20261344,0,3,0.0057099731639027596,0.0057099731639027596,0.0,True,True,True,True,True
728,20261345,20261345,0,0,0.005331512540578842,0.005331512540578842,0.0,True,True,True,True,True
729,20261346,20261346,0,1,0.005448645446449518,0.005448645446449518,0.0,True,True,True,True,True
730,20261347,20261347,0,2,0.005761200096458197,0.005761200096458197,0.0,True,True,True,True,True
731,20261348,20261348,0,3,0.005600097589194775,0.005600097589194775,0.0,True,True,True,True,True
732,20261349,20261349,0,0,0.005390028469264507,0.005390028469264507,0.0,True,True,True,True,True
733,20261350,20261350,0,1,0.00553923798725009,0.00553923798725009,0.0,True,True,True,True,True
734,20261351,20261351,0,2,0.005426026415079832,0.005426026415079832,0.0,True,True,True,True,True
735,20261352,20261352,0,3,0.005975516512989998,0.005975516512989998,0.0,True,True,True,True,True
736,20261353,20261353,0,0,0.00579032814130187,0.00579032814130187,0.0,True,True,True,True,True
737,20261354,20261354,0,1,0.0057295942679047585,0.0057295942679047585,0.0,True,True,True,True,True
738,20261355,20261355,0,2,0.005625214893370867,0.005625214893370867,0.0,True,True,True,True,True
739,20261356,20261356,0,3,0.005403456278145313,0.005403456278145313,0.0,True,True,True,True,True
740,20261357,20261357,0,0,0.0056022764183580875,0.0056022764183580875,0.0,True,True,True,True,True
741,20261358,20261358,0,1,0.005355487111955881,0.005355487111955881,0.0,True,True,True,True,True
742,20261359,20261359,0,2,0.0059694088995456696,0.0059694088995456696,0.0,True,True,True,True,True
743,20261360,20261360,0,3,0.005682374816387892,0.005682374816387892,0.0,True,True,True,True,True
744,20261361,20261361,0,0,0.005275089759379625,0.005275089759379625,0.0,True,True,True,True,True
745,20261362,20261362,0,1,0.005391519982367754,0.005391519982367754,0.0,True,True,True,True,True
746,20261363,20261363,0,2,0.005341328680515289,0.005341328680515289,0.0,True,True,True,True,True
747,20261364,20261364,0,3,0.005682535469532013,0.005682535469532013,0.0,True,True,True,True,True
748,20261365,20261365,0,0,0.005743778310716152,0.005743778310716152,0.0,True,True,True,True,True
749,20261366,20261366,0,1,0.005413148086518049,0.005413148086518049,0.0,True,True,True,True,True
750,20261367,20261367,0,2,0.005708303302526474,0.005708303302526474,0.0,True,True,True,True,True
751,20261368,20261368,0,3,0.005686359480023384,0.005686359480023384,0.0,True,True,True,True,True
752,20261369,20261369,0,0,0.005816329270601273,0.005816329270601273,0.0,True,True,True,True,True
753,20261370,20261370,0,1,0.005587926600128412,0.005587926600128412,0.0,True,True,True,True,True
754,20261371,20261371,0,2,0.0057656955905258656,0.0057656955905258656,0.0,True,True,True,True,True
755,20261372,20261372,0,3,0.005442780442535877,0.005442780442535877,0.0,True,True,True,True,True
756,20261373,20261373,0,0,0.005670351907610893,0.005670351907610893,0.0,True,True,True,True,True
757,20261374,20261374,0,1,0.0058526769280433655,0.0058526769280433655,0.0,True,True,True,True,True
758,20261375,20261375,0,2,0.0055951280519366264,0.0055951280519366264,0.0,True,True,True,True,True
759,20261376,20261376,0,3,0.005863511469215155,0.005863511469215155,0.0,True,True,True,True,True
760,20261377,20261377,0,0,0.0058393822982907295,0.0058393822982907295,0.0,True,True,True,True,True
761,20261378,20261378,0,1,0.005740214139223099,0.005740214139223099,0.0,True,True,True,True,True
762,20261379,20261379,0,2,0.005651270970702171,0.005651270970702171,0.0,True,True,True,True,True
763,20261380,20261380,0,3,0.005612621549516916,0.005612621549516916,0.0,True,True,True,True,True
764,20261381,20261381,0,0,0.005594517104327679,0.005594517104327679,0.0,True,True,True,True,True
765,20261382,20261382,0,1,0.005557316355407238,0.005557316355407238,0.0,True,True,True,True,True
766,20261383,20261383,0,2,0.0054762279614806175,0.0054762279614806175,0.0,True,True,True,True,True
767,20261384,20261384,0,3,0.005739462096244097,0.005739462096244097,0.0,True,True,True,True,True
768,20261385,20261385,0,0,0.005708524491637945,0.005708524491637945,0.0,True,True,True,True,True
769,20261386,20261386,0,1,0.00562584213912487,0.00562584213912487,0.0,True,True,True,True,True
770,20261387,20261387,0,2,0.005536663345992565,0.005536663345992565,0.0,True,True,True,True,True
771,20261388,20261388,0,3,0.005730960983783007,0.005730960983783007,0.0,True,True,True,True,True
772,20261389,20261389,0,0,0.005550175905227661,0.005550175905227661,0.0,True,True,True,True,True
773,20261390,20261390,0,1,0.005518857855349779,0.005518857855349779,0.0,True,True,True,True,True
774,20261391,20261391,0,2,0.005620988551527262,0.005620988551527262,0.0,True,True,True,True,True
775,20261392,20261392,0,3,0.00558354239910841,0.00558354239910841,0.0,True,True,True,True,True
776,20261393,20261393,0,0,0.006117897108197212,0.006117897108197212,0.0,True,True,True,True,True
777,20261394,20261394,0,1,0.0056519946083426476,0.0056519946083426476,0.0,True,True,True,True,True
778,20261395,20261395,0,2,0.00534617155790329,0.00534617155790329,0.0,True,True,True,True,True
779,20261396,20261396,0,3,0.006032936740666628,0.006032936740666628,0.0,True,True,True,True,True
780,20261397,20261397,0,0,0.005611484870314598,0.005611484870314598,0.0,True,True,True,True,True
781,20261398,20261398,0,1,0.00565132824704051,0.00565132824704051,0.0,True,True,True,True,True
782,20261399,20261399,0,2,0.00556544866412878,0.00556544866412878,0.0,True,True,True,True,True
783,20261400,20261400,0,3,0.005820042919367552,0.005820042919367552,0.0,True,True,True,True,True
784,20261401,20261401,0,0,0.005779160652309656,0.005779160652309656,0.0,True,True,True,True,True
785,20261402,20261402,0,1,0.005816975608468056,0.005816975608468056,0.0,True,True,True,True,True
786,20261403,20261403,0,2,0.005664466880261898,0.005664466880261898,0.0,True,True,True,True,True
787,20261404,20261404,0,3,0.005700831301510334,0.005700831301510334,0.0,True,True,True,True,True
788,20261405,20261405,0,0,0.00599402841180563,0.00599402841180563,0.0,True,True,True,True,True
789,20261406,20261406,0,1,0.005744636058807373,0.005744636058807373,0.0,True,True,True,True,True
790,20261407,20261407,0,2,0.005488323513418436,0.005488323513418436,0.0,True,True,True,True,True
791,20261408,20261408,0,3,0.00537967961281538,0.00537967961281538,0.0,True,True,True,True,True
792,20261409,20261409,0,0,0.005879280157387257,0.005879280157387257,0.0,True,True,True,True,True
793,20261410,20261410,0,1,0.005722712259739637,0.005722712259739637,0.0,True,True,True,True,True
794,20261411,20261411,0,2,0.005761272273957729,0.005761272273957729,0.0,True,True,True,True,True
795,20261412,20261412,0,3,0.005672038532793522,0.005672038532793522,0.0,True,True,True,True,True
796,20261413,20261413,0,0,0.0056976135820150375,0.0056976135820150375,0.0,True,True,True,True,True
797,20261414,20261414,0,1,0.0056639164686203,0.0056639164686203,0.0,True,True,True,True,True
798,20261415,20261415,0,2,0.005538974888622761,0.005538974888622761,0.0,True,True,True,True,True
799,20261416,20261416,0,3,0.005634124856442213,0.005634124856442213,0.0,True,True,True,True,True
800,20261417,20261417,0,0,0.005745457019656897,0.005745457019656897,0.0,True,True,True,True,True
801,20261418,20261418,0,1,0.005745775997638702,0.005745775997638702,0.0,True,True,True,True,True
802,20261419,20261419,0,2,0.005851521156728268,0.005851521156728268,0.0,True,True,True,True,True
803,20261420,20261420,0,3,0.0056400541216135025,0.0056400541216135025,0.0,True,True,True,True,True
804,20261421,20261421,0,0,0.005743285175412893,0.005743285175412893,0.0,True,True,True,True,True
805,20261422,20261422,0,1,0.005643070675432682,0.005643070675432682,0.0,True,True,True,True,True
806,20261423,20261423,0,2,0.005853921175003052,0.005853921175003052,0.0,True,True,True,True,True
807,20261424,20261424,0,3,0.0055115707218647,0.0055115707218647,0.0,True,True,True,True,True
808,20261425,20261425,0,0,0.005504538305103779,0.005504538305103779,0.0,True,True,True,True,True
809,20261426,20261426,0,1,0.005431948229670525,0.005431948229670525,0.0,True,True,True,True,True
810,20261427,20261427,0,2,0.005469795316457748,0.005469795316457748,0.0,True,True,True,True,True
811,20261428,20261428,0,3,0.005740138236433268,0.005740138236433268,0.0,True,True,True,True,True
812,20261429,20261429,0,0,0.00539023382589221,0.00539023382589221,0.0,True,True,True,True,True
813,20261430,20261430,0,1,0.005596822593361139,0.005596822593361139,0.0,True,True,True,True,True
814,20261431,20261431,0,2,0.005696733482182026,0.005696733482182026,0.0,True,True,True,True,True
815,20261432,20261432,0,3,0.005578421521931887,0.005578421521931887,0.0,True,True,True,True,True
816,20261433,20261433,0,0,0.005862858146429062,0.005862858146429062,0.0,True,True,True,True,True
817,20261434,20261434,0,1,0.00581065658479929,0.00581065658479929,0.0,True,True,True,True,True
818,20261435,20261435,0,2,0.006016329396516085,0.006016329396516085,0.0,True,True,True,True,True
819,20261436,20261436,0,3,0.005616847425699234,0.005616847425699234,0.0,True,True,True,True,True
820,20261437,20261437,0,0,0.005674515385180712,0.005674515385180712,0.0,True,True,True,True,True
821,20261438,20261438,0,1,0.005942239426076412,0.005942239426076412,0.0,True,True,True,True,True
822,20261439,20261439,0,2,0.005706145893782377,0.005706145893782377,0.0,True,True,True,True,True
823,20261440,20261440,0,3,0.005566979758441448,0.005566979758441448,0.0,True,True,True,True,True
