run_id,rank,task_id,seed,num_particles,traj_len,opt_iters,runtime_s,best_cost,collision_fraction
mpi-final_macbook_air_2d-N824-P4,0,0,20260617,12,32,18,0.8526887919288129,0.0055667501874268055,0.0
mpi-final_macbook_air_2d-N824-P4,1,1,20260618,12,32,18,0.8526845410233364,0.005549332592636347,0.0
mpi-final_macbook_air_2d-N824-P4,2,2,20260619,12,32,18,0.8537560000550002,0.005635696463286877,0.0
mpi-final_macbook_air_2d-N824-P4,3,3,20260620,12,32,18,0.8528346669627354,0.0056206295266747475,0.0
mpi-final_macbook_air_2d-N824-P4,0,4,20260621,12,32,18,0.039919375092722476,0.005478973500430584,0.0
mpi-final_macbook_air_2d-N824-P4,1,5,20260622,12,32,18,0.03989170806016773,0.005799087230116129,0.0
mpi-final_macbook_air_2d-N824-P4,2,6,20260623,12,32,18,0.03750433400273323,0.00535179115831852,0.0
mpi-final_macbook_air_2d-N824-P4,3,7,20260624,12,32,18,0.03817512502428144,0.005494419485330582,0.0
mpi-final_macbook_air_2d-N824-P4,0,8,20260625,12,32,18,0.039647000026889145,0.005649606231600046,0.0
mpi-final_macbook_air_2d-N824-P4,1,9,20260626,12,32,18,0.0415482500102371,0.005559918470680714,0.0
mpi-final_macbook_air_2d-N824-P4,2,10,20260627,12,32,18,0.04084074997808784,0.005811823531985283,0.0
mpi-final_macbook_air_2d-N824-P4,3,11,20260628,12,32,18,0.04148558306042105,0.005660427734255791,0.0
mpi-final_macbook_air_2d-N824-P4,0,12,20260629,12,32,18,0.039057041984051466,0.005840098951011896,0.0
mpi-final_macbook_air_2d-N824-P4,1,13,20260630,12,32,18,0.03816741600167006,0.005700192879885435,0.0
mpi-final_macbook_air_2d-N824-P4,2,14,20260631,12,32,18,0.038977500051259995,0.00577927753329277,0.0
mpi-final_macbook_air_2d-N824-P4,3,15,20260632,12,32,18,0.03779204108286649,0.005543305538594723,0.0
mpi-final_macbook_air_2d-N824-P4,0,16,20260633,12,32,18,0.038412499940022826,0.005556086543947458,0.0
mpi-final_macbook_air_2d-N824-P4,1,17,20260634,12,32,18,0.03877262503374368,0.00552918016910553,0.0
mpi-final_macbook_air_2d-N824-P4,2,18,20260635,12,32,18,0.038957417011260986,0.005595920141786337,0.0
mpi-final_macbook_air_2d-N824-P4,3,19,20260636,12,32,18,0.037682333029806614,0.005633459892123938,0.0
mpi-final_macbook_air_2d-N824-P4,0,20,20260637,12,32,18,0.03932541608810425,0.005702688824385405,0.0
mpi-final_macbook_air_2d-N824-P4,1,21,20260638,12,32,18,0.039721917011775076,0.00557850394397974,0.0
mpi-final_macbook_air_2d-N824-P4,2,22,20260639,12,32,18,0.03968220797833055,0.005310393404215574,0.0
mpi-final_macbook_air_2d-N824-P4,3,23,20260640,12,32,18,0.037868416984565556,0.0058614350855350494,0.0
mpi-final_macbook_air_2d-N824-P4,0,24,20260641,12,32,18,0.04076862498186529,0.005612801760435104,0.0
mpi-final_macbook_air_2d-N824-P4,1,25,20260642,12,32,18,0.04100716707762331,0.005890227854251862,0.0
mpi-final_macbook_air_2d-N824-P4,2,26,20260643,12,32,18,0.040562332957051694,0.00535513274371624,0.0
mpi-final_macbook_air_2d-N824-P4,3,27,20260644,12,32,18,0.04021962499246001,0.005501170177012682,0.0
mpi-final_macbook_air_2d-N824-P4,0,28,20260645,12,32,18,0.03921545797493309,0.0053923954255878925,0.0
mpi-final_macbook_air_2d-N824-P4,1,29,20260646,12,32,18,0.03930850001052022,0.005427220836281776,0.0
mpi-final_macbook_air_2d-N824-P4,2,30,20260647,12,32,18,0.03942087490577251,0.005607161670923233,0.0
mpi-final_macbook_air_2d-N824-P4,3,31,20260648,12,32,18,0.0395136249717325,0.005367574747651815,0.0
mpi-final_macbook_air_2d-N824-P4,0,32,20260649,12,32,18,0.04193666693754494,0.005419062450528145,0.0
mpi-final_macbook_air_2d-N824-P4,1,33,20260650,12,32,18,0.04202737507876009,0.005304340273141861,0.0
mpi-final_macbook_air_2d-N824-P4,2,34,20260651,12,32,18,0.04184670897666365,0.005631107836961746,0.0
mpi-final_macbook_air_2d-N824-P4,3,35,20260652,12,32,18,0.041456916951574385,0.005679427180439234,0.0
mpi-final_macbook_air_2d-N824-P4,0,36,20260653,12,32,18,0.03857158392202109,0.005541239399462938,0.0
mpi-final_macbook_air_2d-N824-P4,1,37,20260654,12,32,18,0.038805457996204495,0.005539064295589924,0.0
mpi-final_macbook_air_2d-N824-P4,2,38,20260655,12,32,18,0.03765737498179078,0.005545264109969139,0.0
mpi-final_macbook_air_2d-N824-P4,3,39,20260656,12,32,18,0.038612958043813705,0.005680430680513382,0.0
mpi-final_macbook_air_2d-N824-P4,0,40,20260657,12,32,18,0.03963749995455146,0.005671355873346329,0.0
mpi-final_macbook_air_2d-N824-P4,1,41,20260658,12,32,18,0.03949045797344297,0.0057215397246181965,0.0
mpi-final_macbook_air_2d-N824-P4,2,42,20260659,12,32,18,0.03825066692661494,0.0053675672970712185,0.0
mpi-final_macbook_air_2d-N824-P4,3,43,20260660,12,32,18,0.03778595896437764,0.00580376572906971,0.0
mpi-final_macbook_air_2d-N824-P4,0,44,20260661,12,32,18,0.03876725002191961,0.005620479583740234,0.0
mpi-final_macbook_air_2d-N824-P4,1,45,20260662,12,32,18,0.038107375032268465,0.005935273133218288,0.0
mpi-final_macbook_air_2d-N824-P4,2,46,20260663,12,32,18,0.037425875081680715,0.005531687289476395,0.0
mpi-final_macbook_air_2d-N824-P4,3,47,20260664,12,32,18,0.038142874953337014,0.005936464294791222,0.0
mpi-final_macbook_air_2d-N824-P4,0,48,20260665,12,32,18,0.0405158749781549,0.005357284564524889,0.0
mpi-final_macbook_air_2d-N824-P4,1,49,20260666,12,32,18,0.04065316601190716,0.0058854143135249615,0.0
mpi-final_macbook_air_2d-N824-P4,2,50,20260667,12,32,18,0.03979791596066207,0.005615492817014456,0.0
mpi-final_macbook_air_2d-N824-P4,3,51,20260668,12,32,18,0.038948959088884294,0.005511099938303232,0.0
mpi-final_macbook_air_2d-N824-P4,0,52,20260669,12,32,18,0.0408601249800995,0.005583655089139938,0.0
mpi-final_macbook_air_2d-N824-P4,1,53,20260670,12,32,18,0.041693749953992665,0.00558930728584528,0.0
mpi-final_macbook_air_2d-N824-P4,2,54,20260671,12,32,18,0.039541250094771385,0.00541982427239418,0.0
mpi-final_macbook_air_2d-N824-P4,3,55,20260672,12,32,18,0.03945362498052418,0.005779108963906765,0.0
mpi-final_macbook_air_2d-N824-P4,0,56,20260673,12,32,18,0.03923995897639543,0.005504762288182974,0.0
mpi-final_macbook_air_2d-N824-P4,1,57,20260674,12,32,18,0.039186624926514924,0.005451449193060398,0.0
mpi-final_macbook_air_2d-N824-P4,2,58,20260675,12,32,18,0.0407352918991819,0.0056224400177598,0.0
mpi-final_macbook_air_2d-N824-P4,3,59,20260676,12,32,18,0.040560082998126745,0.005539704579859972,0.0
mpi-final_macbook_air_2d-N824-P4,0,60,20260677,12,32,18,0.04208712500985712,0.005608790088444948,0.0
mpi-final_macbook_air_2d-N824-P4,1,61,20260678,12,32,18,0.0441804580623284,0.005513248965144157,0.0
mpi-final_macbook_air_2d-N824-P4,2,62,20260679,12,32,18,0.04461033293046057,0.00572970462962985,0.0
mpi-final_macbook_air_2d-N824-P4,3,63,20260680,12,32,18,0.04548037494532764,0.005794062744826078,0.0
mpi-final_macbook_air_2d-N824-P4,0,64,20260681,12,32,18,0.03946729109156877,0.00549913989380002,0.0
mpi-final_macbook_air_2d-N824-P4,1,65,20260682,12,32,18,0.040976917021907866,0.005799268372356892,0.0
mpi-final_macbook_air_2d-N824-P4,2,66,20260683,12,32,18,0.04014858300797641,0.005542761646211147,0.0
mpi-final_macbook_air_2d-N824-P4,3,67,20260684,12,32,18,0.04105737491045147,0.0054620723240077496,0.0
mpi-final_macbook_air_2d-N824-P4,0,68,20260685,12,32,18,0.04027229209896177,0.005541293881833553,0.0
mpi-final_macbook_air_2d-N824-P4,1,69,20260686,12,32,18,0.04231941606849432,0.005608562380075455,0.0
mpi-final_macbook_air_2d-N824-P4,2,70,20260687,12,32,18,0.03861929208505899,0.0057086399756371975,0.0
mpi-final_macbook_air_2d-N824-P4,3,71,20260688,12,32,18,0.03938354202546179,0.005711564794182777,0.0
mpi-final_macbook_air_2d-N824-P4,0,72,20260689,12,32,18,0.040028750081546605,0.005443280562758446,0.0
mpi-final_macbook_air_2d-N824-P4,1,73,20260690,12,32,18,0.03933083300944418,0.005585473030805588,0.0
mpi-final_macbook_air_2d-N824-P4,2,74,20260691,12,32,18,0.04298562498297542,0.005549477878957987,0.0
mpi-final_macbook_air_2d-N824-P4,3,75,20260692,12,32,18,0.041173917008563876,0.005766012240201235,0.0
mpi-final_macbook_air_2d-N824-P4,0,76,20260693,12,32,18,0.039914167020469904,0.005424276925623417,0.0
mpi-final_macbook_air_2d-N824-P4,1,77,20260694,12,32,18,0.04077683400828391,0.005661407485604286,0.0
mpi-final_macbook_air_2d-N824-P4,2,78,20260695,12,32,18,0.04188270901795477,0.005816959775984287,0.0
mpi-final_macbook_air_2d-N824-P4,3,79,20260696,12,32,18,0.03890700009651482,0.005502115003764629,0.0
mpi-final_macbook_air_2d-N824-P4,0,80,20260697,12,32,18,0.04063420800957829,0.00558668514713645,0.0
mpi-final_macbook_air_2d-N824-P4,1,81,20260698,12,32,18,0.04026916599832475,0.005559938959777355,0.0
mpi-final_macbook_air_2d-N824-P4,2,82,20260699,12,32,18,0.043281625024974346,0.005424642004072666,0.0
mpi-final_macbook_air_2d-N824-P4,3,83,20260700,12,32,18,0.04347612499259412,0.005260636564344168,0.0
mpi-final_macbook_air_2d-N824-P4,0,84,20260701,12,32,18,0.042399707948789,0.005931349471211433,0.0
mpi-final_macbook_air_2d-N824-P4,1,85,20260702,12,32,18,0.04355462500825524,0.0055418373085558414,0.0
mpi-final_macbook_air_2d-N824-P4,2,86,20260703,12,32,18,0.0430154170608148,0.005488282535225153,0.0
mpi-final_macbook_air_2d-N824-P4,3,87,20260704,12,32,18,0.043094333028420806,0.005506910849362612,0.0
mpi-final_macbook_air_2d-N824-P4,0,88,20260705,12,32,18,0.038080040947534144,0.0053758686408400536,0.0
mpi-final_macbook_air_2d-N824-P4,1,89,20260706,12,32,18,0.03836074995342642,0.0059729525819420815,0.0
mpi-final_macbook_air_2d-N824-P4,2,90,20260707,12,32,18,0.0380205410765484,0.005334442015737295,0.0
mpi-final_macbook_air_2d-N824-P4,3,91,20260708,12,32,18,0.03849258308764547,0.005571183282881975,0.0
mpi-final_macbook_air_2d-N824-P4,0,92,20260709,12,32,18,0.03975104202982038,0.005594479851424694,0.0
mpi-final_macbook_air_2d-N824-P4,1,93,20260710,12,32,18,0.041211417061276734,0.0054128519259393215,0.0
mpi-final_macbook_air_2d-N824-P4,2,94,20260711,12,32,18,0.0402968330308795,0.005876287817955017,0.0
mpi-final_macbook_air_2d-N824-P4,3,95,20260712,12,32,18,0.0383802920114249,0.005747477523982525,0.0
mpi-final_macbook_air_2d-N824-P4,0,96,20260713,12,32,18,0.04087283299304545,0.005441180896013975,0.0
mpi-final_macbook_air_2d-N824-P4,1,97,20260714,12,32,18,0.03873445792123675,0.005726632662117481,0.0
mpi-final_macbook_air_2d-N824-P4,2,98,20260715,12,32,18,0.04069833306130022,0.005854273214936256,0.0
mpi-final_macbook_air_2d-N824-P4,3,99,20260716,12,32,18,0.04147587495390326,0.005853291600942612,0.0
mpi-final_macbook_air_2d-N824-P4,0,100,20260717,12,32,18,0.03828737500589341,0.005769730545580387,0.0
mpi-final_macbook_air_2d-N824-P4,1,101,20260718,12,32,18,0.03949279198423028,0.005722525995224714,0.0
mpi-final_macbook_air_2d-N824-P4,2,102,20260719,12,32,18,0.04018120898399502,0.005715413950383663,0.0
mpi-final_macbook_air_2d-N824-P4,3,103,20260720,12,32,18,0.039400334004312754,0.005671778228133917,0.0
mpi-final_macbook_air_2d-N824-P4,0,104,20260721,12,32,18,0.04192062502261251,0.005556546617299318,0.0
mpi-final_macbook_air_2d-N824-P4,1,105,20260722,12,32,18,0.0418066669953987,0.0056829568929970264,0.0
mpi-final_macbook_air_2d-N824-P4,2,106,20260723,12,32,18,0.043530666967853904,0.005557260941714048,0.0
mpi-final_macbook_air_2d-N824-P4,3,107,20260724,12,32,18,0.04088054201565683,0.005717476364225149,0.0
mpi-final_macbook_air_2d-N824-P4,0,108,20260725,12,32,18,0.04027854197192937,0.005440788809210062,0.0
mpi-final_macbook_air_2d-N824-P4,1,109,20260726,12,32,18,0.0390867079840973,0.0054592411033809185,0.0
mpi-final_macbook_air_2d-N824-P4,2,110,20260727,12,32,18,0.039717665989883244,0.005390405189245939,0.0
mpi-final_macbook_air_2d-N824-P4,3,111,20260728,12,32,18,0.039034249959513545,0.0053542619571089745,0.0
mpi-final_macbook_air_2d-N824-P4,0,112,20260729,12,32,18,0.03849212499335408,0.00597231462597847,0.0
mpi-final_macbook_air_2d-N824-P4,1,113,20260730,12,32,18,0.03924283303786069,0.005854358896613121,0.0
mpi-final_macbook_air_2d-N824-P4,2,114,20260731,12,32,18,0.038877999992109835,0.005529074463993311,0.0
mpi-final_macbook_air_2d-N824-P4,3,115,20260732,12,32,18,0.03881812503095716,0.005952784791588783,0.0
mpi-final_macbook_air_2d-N824-P4,0,116,20260733,12,32,18,0.046473167021758854,0.005688607692718506,0.0
mpi-final_macbook_air_2d-N824-P4,1,117,20260734,12,32,18,0.0436675000237301,0.0058749676682055,0.0
mpi-final_macbook_air_2d-N824-P4,2,118,20260735,12,32,18,0.043500542058609426,0.005480656400322914,0.0
mpi-final_macbook_air_2d-N824-P4,3,119,20260736,12,32,18,0.04113495897036046,0.005409160628914833,0.0
mpi-final_macbook_air_2d-N824-P4,0,120,20260737,12,32,18,0.03872666705865413,0.00579345365986228,0.0
mpi-final_macbook_air_2d-N824-P4,1,121,20260738,12,32,18,0.0394508340395987,0.005481251981109381,0.0
mpi-final_macbook_air_2d-N824-P4,2,122,20260739,12,32,18,0.037919500027783215,0.005630037747323513,0.0
mpi-final_macbook_air_2d-N824-P4,3,123,20260740,12,32,18,0.0394490408943966,0.0054115778766572475,0.0
mpi-final_macbook_air_2d-N824-P4,0,124,20260741,12,32,18,0.03890912502538413,0.005566652398556471,0.0
mpi-final_macbook_air_2d-N824-P4,1,125,20260742,12,32,18,0.04024799994658679,0.005696653854101896,0.0
mpi-final_macbook_air_2d-N824-P4,2,126,20260743,12,32,18,0.04021712497342378,0.00582324480637908,0.0
mpi-final_macbook_air_2d-N824-P4,3,127,20260744,12,32,18,0.04003683396149427,0.005610635969787836,0.0
mpi-final_macbook_air_2d-N824-P4,0,128,20260745,12,32,18,0.04011916695162654,0.005597350653260946,0.0
mpi-final_macbook_air_2d-N824-P4,1,129,20260746,12,32,18,0.04107591591309756,0.005707236006855965,0.0
mpi-final_macbook_air_2d-N824-P4,2,130,20260747,12,32,18,0.04308345809113234,0.005537054501473904,0.0
mpi-final_macbook_air_2d-N824-P4,3,131,20260748,12,32,18,0.04250737500842661,0.005932696629315615,0.0
mpi-final_macbook_air_2d-N824-P4,0,132,20260749,12,32,18,0.040157665964215994,0.005728965625166893,0.0
mpi-final_macbook_air_2d-N824-P4,1,133,20260750,12,32,18,0.039340666960924864,0.005707770586013794,0.0
mpi-final_macbook_air_2d-N824-P4,2,134,20260751,12,32,18,0.03852825006470084,0.005717442370951176,0.0
mpi-final_macbook_air_2d-N824-P4,3,135,20260752,12,32,18,0.039652250008657575,0.005605907179415226,0.0
mpi-final_macbook_air_2d-N824-P4,0,136,20260753,12,32,18,0.03921962506137788,0.005849663633853197,0.0
mpi-final_macbook_air_2d-N824-P4,1,137,20260754,12,32,18,0.038929499918594956,0.005555066745728254,0.0
mpi-final_macbook_air_2d-N824-P4,2,138,20260755,12,32,18,0.03909345797728747,0.005418790969997644,0.0
mpi-final_macbook_air_2d-N824-P4,3,139,20260756,12,32,18,0.039819124969653785,0.005276988260447979,0.0
mpi-final_macbook_air_2d-N824-P4,0,140,20260757,12,32,18,0.03839383297599852,0.005793079733848572,0.0
mpi-final_macbook_air_2d-N824-P4,1,141,20260758,12,32,18,0.03992574999574572,0.005670308601111174,0.0
mpi-final_macbook_air_2d-N824-P4,2,142,20260759,12,32,18,0.039898332906886935,0.005399420391768217,0.0
mpi-final_macbook_air_2d-N824-P4,3,143,20260760,12,32,18,0.0390174170024693,0.005904929246753454,0.0
mpi-final_macbook_air_2d-N824-P4,0,144,20260761,12,32,18,0.04146808304358274,0.005501207429915667,0.0
mpi-final_macbook_air_2d-N824-P4,1,145,20260762,12,32,18,0.040421999990940094,0.005456733517348766,0.0
mpi-final_macbook_air_2d-N824-P4,2,146,20260763,12,32,18,0.04016316600609571,0.005485639441758394,0.0
mpi-final_macbook_air_2d-N824-P4,3,147,20260764,12,32,18,0.040041749947704375,0.005992335267364979,0.0
mpi-final_macbook_air_2d-N824-P4,0,148,20260765,12,32,18,0.03955841704737395,0.005573166999965906,0.0
mpi-final_macbook_air_2d-N824-P4,1,149,20260766,12,32,18,0.039165499969385564,0.005632943473756313,0.0
mpi-final_macbook_air_2d-N824-P4,2,150,20260767,12,32,18,0.039727750001475215,0.005716512445360422,0.0
mpi-final_macbook_air_2d-N824-P4,3,151,20260768,12,32,18,0.04042100009974092,0.005392460152506828,0.0
mpi-final_macbook_air_2d-N824-P4,0,152,20260769,12,32,18,0.03841887507587671,0.005615549627691507,0.0
mpi-final_macbook_air_2d-N824-P4,1,153,20260770,12,32,18,0.03959087503608316,0.005656533874571323,0.0
mpi-final_macbook_air_2d-N824-P4,2,154,20260771,12,32,18,0.038784375065006316,0.005868124775588512,0.0
mpi-final_macbook_air_2d-N824-P4,3,155,20260772,12,32,18,0.038804874988272786,0.005309865344315767,0.0
mpi-final_macbook_air_2d-N824-P4,0,156,20260773,12,32,18,0.04111999995075166,0.00550310593098402,0.0
mpi-final_macbook_air_2d-N824-P4,1,157,20260774,12,32,18,0.04182345897424966,0.005617206916213036,0.0
mpi-final_macbook_air_2d-N824-P4,2,158,20260775,12,32,18,0.041048333048820496,0.005539987236261368,0.0
mpi-final_macbook_air_2d-N824-P4,3,159,20260776,12,32,18,0.04172020801343024,0.005907557904720306,0.0
mpi-final_macbook_air_2d-N824-P4,0,160,20260777,12,32,18,0.03815862501505762,0.00557435117661953,0.0
mpi-final_macbook_air_2d-N824-P4,1,161,20260778,12,32,18,0.04017920803744346,0.005393078085035086,0.0
mpi-final_macbook_air_2d-N824-P4,2,162,20260779,12,32,18,0.039556208066642284,0.005390573292970657,0.0
mpi-final_macbook_air_2d-N824-P4,3,163,20260780,12,32,18,0.0382704590447247,0.005354194436222315,0.0
mpi-final_macbook_air_2d-N824-P4,0,164,20260781,12,32,18,0.039591000066138804,0.005763572175055742,0.0
mpi-final_macbook_air_2d-N824-P4,1,165,20260782,12,32,18,0.03971141600050032,0.005458217579871416,0.0
mpi-final_macbook_air_2d-N824-P4,2,166,20260783,12,32,18,0.03939295909367502,0.005404490977525711,0.0
mpi-final_macbook_air_2d-N824-P4,3,167,20260784,12,32,18,0.04009233298711479,0.005480497609823942,0.0
mpi-final_macbook_air_2d-N824-P4,0,168,20260785,12,32,18,0.04294345900416374,0.00558021804317832,0.0
mpi-final_macbook_air_2d-N824-P4,1,169,20260786,12,32,18,0.04272262495942414,0.005684148520231247,0.0
mpi-final_macbook_air_2d-N824-P4,2,170,20260787,12,32,18,0.04444833402521908,0.005685743875801563,0.0
mpi-final_macbook_air_2d-N824-P4,3,171,20260788,12,32,18,0.04402512509841472,0.005946410354226828,0.0
mpi-final_macbook_air_2d-N824-P4,0,172,20260789,12,32,18,0.03840970795135945,0.005482735112309456,0.0
mpi-final_macbook_air_2d-N824-P4,1,173,20260790,12,32,18,0.038718000054359436,0.005606795195490122,0.0
mpi-final_macbook_air_2d-N824-P4,2,174,20260791,12,32,18,0.038495208020322025,0.0054468936286866665,0.0
mpi-final_macbook_air_2d-N824-P4,3,175,20260792,12,32,18,0.038114125025458634,0.005605506710708141,0.0
mpi-final_macbook_air_2d-N824-P4,0,176,20260793,12,32,18,0.04020391695667058,0.00559537298977375,0.0
mpi-final_macbook_air_2d-N824-P4,1,177,20260794,12,32,18,0.039597292081452906,0.0057039642706513405,0.0
mpi-final_macbook_air_2d-N824-P4,2,178,20260795,12,32,18,0.04071575007401407,0.005681561306118965,0.0
mpi-final_macbook_air_2d-N824-P4,3,179,20260796,12,32,18,0.04004887491464615,0.005754976999014616,0.0
mpi-final_macbook_air_2d-N824-P4,0,180,20260797,12,32,18,0.03958400001283735,0.005675903521478176,0.0
mpi-final_macbook_air_2d-N824-P4,1,181,20260798,12,32,18,0.03891212504822761,0.005569336004555225,0.0
mpi-final_macbook_air_2d-N824-P4,2,182,20260799,12,32,18,0.03878462500870228,0.005428975448012352,0.0
mpi-final_macbook_air_2d-N824-P4,3,183,20260800,12,32,18,0.040159457945264876,0.006126097869127989,0.0
mpi-final_macbook_air_2d-N824-P4,0,184,20260801,12,32,18,0.043780375039204955,0.00520870927721262,0.0
mpi-final_macbook_air_2d-N824-P4,1,185,20260802,12,32,18,0.042144875042140484,0.005422048270702362,0.0
mpi-final_macbook_air_2d-N824-P4,2,186,20260803,12,32,18,0.04044000001158565,0.005629679653793573,0.0
mpi-final_macbook_air_2d-N824-P4,3,187,20260804,12,32,18,0.04119241691660136,0.0058584692887961864,0.0
mpi-final_macbook_air_2d-N824-P4,0,188,20260805,12,32,18,0.039237416931428015,0.005877490155398846,0.0
mpi-final_macbook_air_2d-N824-P4,1,189,20260806,12,32,18,0.039285542094148695,0.005316851660609245,0.0
mpi-final_macbook_air_2d-N824-P4,2,190,20260807,12,32,18,0.039708917029201984,0.005839483812451363,0.0
mpi-final_macbook_air_2d-N824-P4,3,191,20260808,12,32,18,0.04015174997039139,0.005860847420990467,0.0
mpi-final_macbook_air_2d-N824-P4,0,192,20260809,12,32,18,0.03894291690085083,0.00539581710472703,0.0
mpi-final_macbook_air_2d-N824-P4,1,193,20260810,12,32,18,0.039202333078719676,0.005647062789648771,0.0
mpi-final_macbook_air_2d-N824-P4,2,194,20260811,12,32,18,0.03897495800629258,0.005712996702641249,0.0
mpi-final_macbook_air_2d-N824-P4,3,195,20260812,12,32,18,0.040427332976832986,0.0056070731952786446,0.0
mpi-final_macbook_air_2d-N824-P4,0,196,20260813,12,32,18,0.0402940419735387,0.005569337867200375,0.0
mpi-final_macbook_air_2d-N824-P4,1,197,20260814,12,32,18,0.04176950000692159,0.0057059396058321,0.0
mpi-final_macbook_air_2d-N824-P4,2,198,20260815,12,32,18,0.040302166948094964,0.006005711853504181,0.0
mpi-final_macbook_air_2d-N824-P4,3,199,20260816,12,32,18,0.04091537499334663,0.005822938866913319,0.0
mpi-final_macbook_air_2d-N824-P4,0,200,20260817,12,32,18,0.03848837502300739,0.005602317862212658,0.0
mpi-final_macbook_air_2d-N824-P4,1,201,20260818,12,32,18,0.03875504096504301,0.0056050606071949005,0.0
mpi-final_macbook_air_2d-N824-P4,2,202,20260819,12,32,18,0.039544375031255186,0.005514643155038357,0.0
mpi-final_macbook_air_2d-N824-P4,3,203,20260820,12,32,18,0.04109783296007663,0.0054779574275016785,0.0
mpi-final_macbook_air_2d-N824-P4,0,204,20260821,12,32,18,0.040798792033456266,0.005605540703982115,0.0
mpi-final_macbook_air_2d-N824-P4,1,205,20260822,12,32,18,0.03989066695794463,0.005400907248258591,0.0
mpi-final_macbook_air_2d-N824-P4,2,206,20260823,12,32,18,0.04114808305166662,0.005827396176755428,0.0
mpi-final_macbook_air_2d-N824-P4,3,207,20260824,12,32,18,0.04049295897129923,0.005578833632171154,0.0
mpi-final_macbook_air_2d-N824-P4,0,208,20260825,12,32,18,0.03947966604027897,0.005704349838197231,0.0
mpi-final_macbook_air_2d-N824-P4,1,209,20260826,12,32,18,0.03956141707021743,0.005647517275065184,0.0
mpi-final_macbook_air_2d-N824-P4,2,210,20260827,12,32,18,0.04034366691485047,0.0055725486017763615,0.0
mpi-final_macbook_air_2d-N824-P4,3,211,20260828,12,32,18,0.0398188749095425,0.005551029462367296,0.0
mpi-final_macbook_air_2d-N824-P4,0,212,20260829,12,32,18,0.04091720900032669,0.005768870003521442,0.0
mpi-final_macbook_air_2d-N824-P4,1,213,20260830,12,32,18,0.04137654206715524,0.005878514144569635,0.0
mpi-final_macbook_air_2d-N824-P4,2,214,20260831,12,32,18,0.040176208945922554,0.005688345525413752,0.0
mpi-final_macbook_air_2d-N824-P4,3,215,20260832,12,32,18,0.04073991603218019,0.005943561904132366,0.0
mpi-final_macbook_air_2d-N824-P4,0,216,20260833,12,32,18,0.03942895901855081,0.005651094485074282,0.0
mpi-final_macbook_air_2d-N824-P4,1,217,20260834,12,32,18,0.039562291000038385,0.005512787960469723,0.0
mpi-final_macbook_air_2d-N824-P4,2,218,20260835,12,32,18,0.03999116597697139,0.005531997885555029,0.0
mpi-final_macbook_air_2d-N824-P4,3,219,20260836,12,32,18,0.038918750011362135,0.00557055976241827,0.0
mpi-final_macbook_air_2d-N824-P4,0,220,20260837,12,32,18,0.044719832949340343,0.005619078874588013,0.0
mpi-final_macbook_air_2d-N824-P4,1,221,20260838,12,32,18,0.042814791086129844,0.005747133865952492,0.0
mpi-final_macbook_air_2d-N824-P4,2,222,20260839,12,32,18,0.04364787496160716,0.0056195384822785854,0.0
mpi-final_macbook_air_2d-N824-P4,3,223,20260840,12,32,18,0.04493729199748486,0.00585003849118948,0.0
mpi-final_macbook_air_2d-N824-P4,0,224,20260841,12,32,18,0.039664958021603525,0.0057191504165530205,0.0
mpi-final_macbook_air_2d-N824-P4,1,225,20260842,12,32,18,0.04094766709022224,0.005822569597512484,0.0
mpi-final_macbook_air_2d-N824-P4,2,226,20260843,12,32,18,0.040263041970320046,0.005764878820627928,0.0
mpi-final_macbook_air_2d-N824-P4,3,227,20260844,12,32,18,0.03897437499836087,0.005655681248754263,0.0
mpi-final_macbook_air_2d-N824-P4,0,228,20260845,12,32,18,0.04093337501399219,0.005608268082141876,0.0
mpi-final_macbook_air_2d-N824-P4,1,229,20260846,12,32,18,0.042184291989542544,0.005739119369536638,0.0
mpi-final_macbook_air_2d-N824-P4,2,230,20260847,12,32,18,0.04106312501244247,0.0054063801653683186,0.0
mpi-final_macbook_air_2d-N824-P4,3,231,20260848,12,32,18,0.040790208033286035,0.005357793532311916,0.0
mpi-final_macbook_air_2d-N824-P4,0,232,20260849,12,32,18,0.04033654206432402,0.005581471603363752,0.0
mpi-final_macbook_air_2d-N824-P4,1,233,20260850,12,32,18,0.039146582945249975,0.005626014433801174,0.0
mpi-final_macbook_air_2d-N824-P4,2,234,20260851,12,32,18,0.03873079200275242,0.005538639612495899,0.0
mpi-final_macbook_air_2d-N824-P4,3,235,20260852,12,32,18,0.03973020799458027,0.006007743068039417,0.0
mpi-final_macbook_air_2d-N824-P4,0,236,20260853,12,32,18,0.03895229194313288,0.005767462775111198,0.0
mpi-final_macbook_air_2d-N824-P4,1,237,20260854,12,32,18,0.03988329193089157,0.005617993418127298,0.0
mpi-final_macbook_air_2d-N824-P4,2,238,20260855,12,32,18,0.038967167027294636,0.005479418206959963,0.0
mpi-final_macbook_air_2d-N824-P4,3,239,20260856,12,32,18,0.039129958022385836,0.005306994542479515,0.0
mpi-final_macbook_air_2d-N824-P4,0,240,20260857,12,32,18,0.03926775010768324,0.006143730599433184,0.0
mpi-final_macbook_air_2d-N824-P4,1,241,20260858,12,32,18,0.04041795805096626,0.0056292228400707245,0.0
mpi-final_macbook_air_2d-N824-P4,2,242,20260859,12,32,18,0.03997112496290356,0.005767884198576212,0.0
mpi-final_macbook_air_2d-N824-P4,3,243,20260860,12,32,18,0.0398251669248566,0.005910862237215042,0.0
mpi-final_macbook_air_2d-N824-P4,0,244,20260861,12,32,18,0.041219749953597784,0.005690509453415871,0.0
mpi-final_macbook_air_2d-N824-P4,1,245,20260862,12,32,18,0.040296041988767684,0.0056074573658406734,0.0
mpi-final_macbook_air_2d-N824-P4,2,246,20260863,12,32,18,0.0419019591063261,0.005687330383807421,0.0
mpi-final_macbook_air_2d-N824-P4,3,247,20260864,12,32,18,0.040975957992486656,0.005799002014100552,0.0
mpi-final_macbook_air_2d-N824-P4,0,248,20260865,12,32,18,0.03837274992838502,0.005497483070939779,0.0
mpi-final_macbook_air_2d-N824-P4,1,249,20260866,12,32,18,0.04003808298148215,0.005335955414921045,0.0
mpi-final_macbook_air_2d-N824-P4,2,250,20260867,12,32,18,0.040210749953985214,0.00569689879193902,0.0
mpi-final_macbook_air_2d-N824-P4,3,251,20260868,12,32,18,0.04018920799717307,0.0056130713783204556,0.0
mpi-final_macbook_air_2d-N824-P4,0,252,20260869,12,32,18,0.042290625046007335,0.0053829774260520935,0.0
mpi-final_macbook_air_2d-N824-P4,1,253,20260870,12,32,18,0.04103295900858939,0.0056553734466433525,0.0
mpi-final_macbook_air_2d-N824-P4,2,254,20260871,12,32,18,0.0392766670556739,0.005560749210417271,0.0
mpi-final_macbook_air_2d-N824-P4,3,255,20260872,12,32,18,0.04046158294659108,0.005761365406215191,0.0
mpi-final_macbook_air_2d-N824-P4,0,256,20260873,12,32,18,0.039389041950926185,0.0055563608184456825,0.0
mpi-final_macbook_air_2d-N824-P4,1,257,20260874,12,32,18,0.04025441699195653,0.005443010479211807,0.0
mpi-final_macbook_air_2d-N824-P4,2,258,20260875,12,32,18,0.03896520799025893,0.005459627602249384,0.0
mpi-final_macbook_air_2d-N824-P4,3,259,20260876,12,32,18,0.040565166040323675,0.005881111137568951,0.0
mpi-final_macbook_air_2d-N824-P4,0,260,20260877,12,32,18,0.04037666693329811,0.005688907112926245,0.0
mpi-final_macbook_air_2d-N824-P4,1,261,20260878,12,32,18,0.04008962493389845,0.006155004724860191,0.0
mpi-final_macbook_air_2d-N824-P4,2,262,20260879,12,32,18,0.03990691702347249,0.00570804625749588,0.0
mpi-final_macbook_air_2d-N824-P4,3,263,20260880,12,32,18,0.039604792022146285,0.005337284877896309,0.0
mpi-final_macbook_air_2d-N824-P4,0,264,20260881,12,32,18,0.03869545797351748,0.005428607575595379,0.0
mpi-final_macbook_air_2d-N824-P4,1,265,20260882,12,32,18,0.04082212503999472,0.005814321339130402,0.0
mpi-final_macbook_air_2d-N824-P4,2,266,20260883,12,32,18,0.03905845794361085,0.005423702299594879,0.0
mpi-final_macbook_air_2d-N824-P4,3,267,20260884,12,32,18,0.03937758307438344,0.005558946635574102,0.0
mpi-final_macbook_air_2d-N824-P4,0,268,20260885,12,32,18,0.04172983404714614,0.0055779279209673405,0.0
mpi-final_macbook_air_2d-N824-P4,1,269,20260886,12,32,18,0.03970416693482548,0.005787663161754608,0.0
mpi-final_macbook_air_2d-N824-P4,2,270,20260887,12,32,18,0.04116783302742988,0.005525916814804077,0.0
mpi-final_macbook_air_2d-N824-P4,3,271,20260888,12,32,18,0.04184658301528543,0.005777592305094004,0.0
mpi-final_macbook_air_2d-N824-P4,0,272,20260889,12,32,18,0.04055050003807992,0.0057098171673715115,0.0
mpi-final_macbook_air_2d-N824-P4,1,273,20260890,12,32,18,0.04063212499022484,0.005605094600468874,0.0
mpi-final_macbook_air_2d-N824-P4,2,274,20260891,12,32,18,0.041030708933249116,0.005695442669093609,0.0
mpi-final_macbook_air_2d-N824-P4,3,275,20260892,12,32,18,0.039648500038310885,0.005793098360300064,0.0
mpi-final_macbook_air_2d-N824-P4,0,276,20260893,12,32,18,0.04067812499124557,0.00586311612278223,0.0
mpi-final_macbook_air_2d-N824-P4,1,277,20260894,12,32,18,0.038887834060005844,0.005759360734373331,0.0
mpi-final_macbook_air_2d-N824-P4,2,278,20260895,12,32,18,0.03945583407767117,0.00547709921374917,0.0
mpi-final_macbook_air_2d-N824-P4,3,279,20260896,12,32,18,0.03955520805902779,0.005614039022475481,0.0
mpi-final_macbook_air_2d-N824-P4,0,280,20260897,12,32,18,0.0391865000128746,0.005418953485786915,0.0
mpi-final_macbook_air_2d-N824-P4,1,281,20260898,12,32,18,0.04093045799527317,0.005734539590775967,0.0
mpi-final_macbook_air_2d-N824-P4,2,282,20260899,12,32,18,0.04016170802060515,0.005504406988620758,0.0
mpi-final_macbook_air_2d-N824-P4,3,283,20260900,12,32,18,0.03831445798277855,0.005557804834097624,0.0
mpi-final_macbook_air_2d-N824-P4,0,284,20260901,12,32,18,0.04145408305339515,0.005358976311981678,0.0
mpi-final_macbook_air_2d-N824-P4,1,285,20260902,12,32,18,0.038068874971941113,0.0057529304176568985,0.0
mpi-final_macbook_air_2d-N824-P4,2,286,20260903,12,32,18,0.041152624995447695,0.00561188580468297,0.0
mpi-final_macbook_air_2d-N824-P4,3,287,20260904,12,32,18,0.04066337505355477,0.005654666107147932,0.0
mpi-final_macbook_air_2d-N824-P4,0,288,20260905,12,32,18,0.0402367499191314,0.005424208473414183,0.0
mpi-final_macbook_air_2d-N824-P4,1,289,20260906,12,32,18,0.03907929197885096,0.005365570075809956,0.0
mpi-final_macbook_air_2d-N824-P4,2,290,20260907,12,32,18,0.04029320797417313,0.0054108030162751675,0.0
mpi-final_macbook_air_2d-N824-P4,3,291,20260908,12,32,18,0.0402503750519827,0.005678137764334679,0.0
mpi-final_macbook_air_2d-N824-P4,0,292,20260909,12,32,18,0.03946799994446337,0.005813922267407179,0.0
mpi-final_macbook_air_2d-N824-P4,1,293,20260910,12,32,18,0.040353459073230624,0.005692967213690281,0.0
mpi-final_macbook_air_2d-N824-P4,2,294,20260911,12,32,18,0.04082404205109924,0.005945803131908178,0.0
mpi-final_macbook_air_2d-N824-P4,3,295,20260912,12,32,18,0.04086616705171764,0.00536793889477849,0.0
mpi-final_macbook_air_2d-N824-P4,0,296,20260913,12,32,18,0.03910024999640882,0.005486415699124336,0.0
mpi-final_macbook_air_2d-N824-P4,1,297,20260914,12,32,18,0.03943241701927036,0.005649496801197529,0.0
mpi-final_macbook_air_2d-N824-P4,2,298,20260915,12,32,18,0.03902845794800669,0.005565252620726824,0.0
mpi-final_macbook_air_2d-N824-P4,3,299,20260916,12,32,18,0.03895154199562967,0.005755587946623564,0.0
mpi-final_macbook_air_2d-N824-P4,0,300,20260917,12,32,18,0.04284445894882083,0.005546240136027336,0.0
mpi-final_macbook_air_2d-N824-P4,1,301,20260918,12,32,18,0.04529179201927036,0.005478900391608477,0.0
mpi-final_macbook_air_2d-N824-P4,2,302,20260919,12,32,18,0.04572470800485462,0.005700488109141588,0.0
mpi-final_macbook_air_2d-N824-P4,3,303,20260920,12,32,18,0.04478770797140896,0.00618444150313735,0.0
mpi-final_macbook_air_2d-N824-P4,0,304,20260921,12,32,18,0.03956649999599904,0.005365466233342886,0.0
mpi-final_macbook_air_2d-N824-P4,1,305,20260922,12,32,18,0.039501250023022294,0.005782254971563816,0.0
mpi-final_macbook_air_2d-N824-P4,2,306,20260923,12,32,18,0.04042108298745006,0.005885573569685221,0.0
mpi-final_macbook_air_2d-N824-P4,3,307,20260924,12,32,18,0.040142167010344565,0.0058044809848070145,0.0
mpi-final_macbook_air_2d-N824-P4,0,308,20260925,12,32,18,0.04059075005352497,0.005693203303962946,0.0
mpi-final_macbook_air_2d-N824-P4,1,309,20260926,12,32,18,0.043139582965523005,0.0056068627163767815,0.0
mpi-final_macbook_air_2d-N824-P4,2,310,20260927,12,32,18,0.040984250023029745,0.005809288006275892,0.0
mpi-final_macbook_air_2d-N824-P4,3,311,20260928,12,32,18,0.04037337494082749,0.0056541371159255505,0.0
mpi-final_macbook_air_2d-N824-P4,0,312,20260929,12,32,18,0.04000599996652454,0.0056485384702682495,0.0
mpi-final_macbook_air_2d-N824-P4,1,313,20260930,12,32,18,0.03952254191972315,0.006022673565894365,0.0
mpi-final_macbook_air_2d-N824-P4,2,314,20260931,12,32,18,0.03963633289095014,0.0059602754190564156,0.0
mpi-final_macbook_air_2d-N824-P4,3,315,20260932,12,32,18,0.041302916943095624,0.005754365120083094,0.0
mpi-final_macbook_air_2d-N824-P4,0,316,20260933,12,32,18,0.0393449169350788,0.005810333415865898,0.0
mpi-final_macbook_air_2d-N824-P4,1,317,20260934,12,32,18,0.041937457979656756,0.005591996014118195,0.0
mpi-final_macbook_air_2d-N824-P4,2,318,20260935,12,32,18,0.04108133399859071,0.005519572179764509,0.0
mpi-final_macbook_air_2d-N824-P4,3,319,20260936,12,32,18,0.039990708930417895,0.005665680859237909,0.0
mpi-final_macbook_air_2d-N824-P4,0,320,20260937,12,32,18,0.04249704198446125,0.005458897445350885,0.0
mpi-final_macbook_air_2d-N824-P4,1,321,20260938,12,32,18,0.040520167094655335,0.005570927169173956,0.0
mpi-final_macbook_air_2d-N824-P4,2,322,20260939,12,32,18,0.04135508299805224,0.005457224324345589,0.0
mpi-final_macbook_air_2d-N824-P4,3,323,20260940,12,32,18,0.04162354196887463,0.0056645674630999565,0.0
mpi-final_macbook_air_2d-N824-P4,0,324,20260941,12,32,18,0.041874249931424856,0.0054820687510073185,0.0
mpi-final_macbook_air_2d-N824-P4,1,325,20260942,12,32,18,0.03971687494777143,0.006130808033049107,0.0
mpi-final_macbook_air_2d-N824-P4,2,326,20260943,12,32,18,0.040023042005486786,0.0052189817652106285,0.0
mpi-final_macbook_air_2d-N824-P4,3,327,20260944,12,32,18,0.03986262495163828,0.005655558779835701,0.0
mpi-final_macbook_air_2d-N824-P4,0,328,20260945,12,32,18,0.04048608290031552,0.005596944596618414,0.0
mpi-final_macbook_air_2d-N824-P4,1,329,20260946,12,32,18,0.04070816596504301,0.005627837497740984,0.0
mpi-final_macbook_air_2d-N824-P4,2,330,20260947,12,32,18,0.040803040959872305,0.005706852301955223,0.0
mpi-final_macbook_air_2d-N824-P4,3,331,20260948,12,32,18,0.040326999966055155,0.005477286875247955,0.0
mpi-final_macbook_air_2d-N824-P4,0,332,20260949,12,32,18,0.04078783292789012,0.005499028135091066,0.0
mpi-final_macbook_air_2d-N824-P4,1,333,20260950,12,32,18,0.039968500030227005,0.005530986003577709,0.0
mpi-final_macbook_air_2d-N824-P4,2,334,20260951,12,32,18,0.04043699998874217,0.005769575014710426,0.0
mpi-final_macbook_air_2d-N824-P4,3,335,20260952,12,32,18,0.03945133404340595,0.005718941800296307,0.0
mpi-final_macbook_air_2d-N824-P4,0,336,20260953,12,32,18,0.03795458294916898,0.006020387168973684,0.0
mpi-final_macbook_air_2d-N824-P4,1,337,20260954,12,32,18,0.040022916975431144,0.0054738628678023815,0.0
mpi-final_macbook_air_2d-N824-P4,2,338,20260955,12,32,18,0.039785000029951334,0.005781854968518019,0.0
mpi-final_macbook_air_2d-N824-P4,3,339,20260956,12,32,18,0.0393564160913229,0.005798918195068836,0.0
mpi-final_macbook_air_2d-N824-P4,0,340,20260957,12,32,18,0.03975575009826571,0.005997038912028074,0.0
mpi-final_macbook_air_2d-N824-P4,1,341,20260958,12,32,18,0.040833041071891785,0.005679578986018896,0.0
mpi-final_macbook_air_2d-N824-P4,2,342,20260959,12,32,18,0.04021837504114956,0.005720907356590033,0.0
mpi-final_macbook_air_2d-N824-P4,3,343,20260960,12,32,18,0.0404603750212118,0.005632436368614435,0.0
mpi-final_macbook_air_2d-N824-P4,0,344,20260961,12,32,18,0.04193545796442777,0.00573886651545763,0.0
mpi-final_macbook_air_2d-N824-P4,1,345,20260962,12,32,18,0.04109487496316433,0.005865934770554304,0.0
mpi-final_macbook_air_2d-N824-P4,2,346,20260963,12,32,18,0.04056395892985165,0.005709280725568533,0.0
mpi-final_macbook_air_2d-N824-P4,3,347,20260964,12,32,18,0.03999733296222985,0.005699941422790289,0.0
mpi-final_macbook_air_2d-N824-P4,0,348,20260965,12,32,18,0.06393750000279397,0.0054907784797251225,0.0
mpi-final_macbook_air_2d-N824-P4,1,349,20260966,12,32,18,0.06539466697722673,0.005553996656090021,0.0
mpi-final_macbook_air_2d-N824-P4,2,350,20260967,12,32,18,0.0648530829930678,0.005787048023194075,0.0
mpi-final_macbook_air_2d-N824-P4,3,351,20260968,12,32,18,0.06476241699419916,0.005896219052374363,0.0
mpi-final_macbook_air_2d-N824-P4,0,352,20260969,12,32,18,0.03917941602412611,0.005666082724928856,0.0
mpi-final_macbook_air_2d-N824-P4,1,353,20260970,12,32,18,0.0400795410387218,0.005937964655458927,0.0
mpi-final_macbook_air_2d-N824-P4,2,354,20260971,12,32,18,0.03803579101804644,0.005374396685510874,0.0
mpi-final_macbook_air_2d-N824-P4,3,355,20260972,12,32,18,0.039272749912925065,0.005691316910088062,0.0
mpi-final_macbook_air_2d-N824-P4,0,356,20260973,12,32,18,0.039988583070226014,0.00564941531047225,0.0
mpi-final_macbook_air_2d-N824-P4,1,357,20260974,12,32,18,0.044923541019670665,0.005521408282220364,0.0
mpi-final_macbook_air_2d-N824-P4,2,358,20260975,12,32,18,0.04272458399645984,0.005448495503515005,0.0
mpi-final_macbook_air_2d-N824-P4,3,359,20260976,12,32,18,0.04001558292657137,0.005371131934225559,0.0
mpi-final_macbook_air_2d-N824-P4,0,360,20260977,12,32,18,0.04746220796369016,0.005818111822009087,0.0
mpi-final_macbook_air_2d-N824-P4,1,361,20260978,12,32,18,0.03930320800282061,0.005583852529525757,0.0
mpi-final_macbook_air_2d-N824-P4,2,362,20260979,12,32,18,0.04201199999079108,0.005701321177184582,0.0
mpi-final_macbook_air_2d-N824-P4,3,363,20260980,12,32,18,0.04307362507097423,0.00566313648596406,0.0
mpi-final_macbook_air_2d-N824-P4,0,364,20260981,12,32,18,0.03871524997521192,0.005457520019263029,0.0
mpi-final_macbook_air_2d-N824-P4,1,365,20260982,12,32,18,0.041032582987099886,0.0056508975103497505,0.0
mpi-final_macbook_air_2d-N824-P4,2,366,20260983,12,32,18,0.039774041972123086,0.005502920597791672,0.0
mpi-final_macbook_air_2d-N824-P4,3,367,20260984,12,32,18,0.039247791981324553,0.005648963153362274,0.0
mpi-final_macbook_air_2d-N824-P4,0,368,20260985,12,32,18,0.039507957990281284,0.005572953261435032,0.0
mpi-final_macbook_air_2d-N824-P4,1,369,20260986,12,32,18,0.041261833044700325,0.005599982105195522,0.0
mpi-final_macbook_air_2d-N824-P4,2,370,20260987,12,32,18,0.04056304192636162,0.005704163108021021,0.0
mpi-final_macbook_air_2d-N824-P4,3,371,20260988,12,32,18,0.04033633298240602,0.006110277026891708,0.0
mpi-final_macbook_air_2d-N824-P4,0,372,20260989,12,32,18,0.039098915993236005,0.005791616626083851,0.0
mpi-final_macbook_air_2d-N824-P4,1,373,20260990,12,32,18,0.039861375000327826,0.005783569999039173,0.0
mpi-final_macbook_air_2d-N824-P4,2,374,20260991,12,32,18,0.03971599997021258,0.0053685386665165424,0.0
mpi-final_macbook_air_2d-N824-P4,3,375,20260992,12,32,18,0.039289082982577384,0.005410264246165752,0.0
mpi-final_macbook_air_2d-N824-P4,0,376,20260993,12,32,18,0.03912675008177757,0.005776680074632168,0.0
mpi-final_macbook_air_2d-N824-P4,1,377,20260994,12,32,18,0.04020450008101761,0.005689349491149187,0.0
mpi-final_macbook_air_2d-N824-P4,2,378,20260995,12,32,18,0.04047362494748086,0.0056540705263614655,0.0
mpi-final_macbook_air_2d-N824-P4,3,379,20260996,12,32,18,0.03957220900338143,0.0055156368762254715,0.0
mpi-final_macbook_air_2d-N824-P4,0,380,20260997,12,32,18,0.03994616598356515,0.005519198253750801,0.0
mpi-final_macbook_air_2d-N824-P4,1,381,20260998,12,32,18,0.03939895797520876,0.005587601102888584,0.0
mpi-final_macbook_air_2d-N824-P4,2,382,20260999,12,32,18,0.039511125069111586,0.005558383651077747,0.0
mpi-final_macbook_air_2d-N824-P4,3,383,20261000,12,32,18,0.03981645894236863,0.005652193911373615,0.0
mpi-final_macbook_air_2d-N824-P4,0,384,20261001,12,32,18,0.03892350010573864,0.005646882113069296,0.0
mpi-final_macbook_air_2d-N824-P4,1,385,20261002,12,32,18,0.03982549998909235,0.005625476595014334,0.0
mpi-final_macbook_air_2d-N824-P4,2,386,20261003,12,32,18,0.0391955419909209,0.005517591256648302,0.0
mpi-final_macbook_air_2d-N824-P4,3,387,20261004,12,32,18,0.039274915936402977,0.005666669458150864,0.0
mpi-final_macbook_air_2d-N824-P4,0,388,20261005,12,32,18,0.03902579192072153,0.005790828261524439,0.0
mpi-final_macbook_air_2d-N824-P4,1,389,20261006,12,32,18,0.03950487496331334,0.005712288897484541,0.0
mpi-final_macbook_air_2d-N824-P4,2,390,20261007,12,32,18,0.03892208402976394,0.005689647514373064,0.0
mpi-final_macbook_air_2d-N824-P4,3,391,20261008,12,32,18,0.039774083998054266,0.005646384786814451,0.0
mpi-final_macbook_air_2d-N824-P4,0,392,20261009,12,32,18,0.03876554197631776,0.005617745686322451,0.0
mpi-final_macbook_air_2d-N824-P4,1,393,20261010,12,32,18,0.03989608306437731,0.0056787473149597645,0.0
mpi-final_macbook_air_2d-N824-P4,2,394,20261011,12,32,18,0.0401883750455454,0.005738424602895975,0.0
mpi-final_macbook_air_2d-N824-P4,3,395,20261012,12,32,18,0.039375083055347204,0.005720818415284157,0.0
mpi-final_macbook_air_2d-N824-P4,0,396,20261013,12,32,18,0.03965641604736447,0.005707849282771349,0.0
mpi-final_macbook_air_2d-N824-P4,1,397,20261014,12,32,18,0.03875449998304248,0.005851878318935633,0.0
mpi-final_macbook_air_2d-N824-P4,2,398,20261015,12,32,18,0.03968079201877117,0.005547154229134321,0.0
mpi-final_macbook_air_2d-N824-P4,3,399,20261016,12,32,18,0.03961737500503659,0.005628250073641539,0.0
mpi-final_macbook_air_2d-N824-P4,0,400,20261017,12,32,18,0.03915104200132191,0.005732296034693718,0.0
mpi-final_macbook_air_2d-N824-P4,1,401,20261018,12,32,18,0.04026049992535263,0.006045873276889324,0.0
mpi-final_macbook_air_2d-N824-P4,2,402,20261019,12,32,18,0.03925500006880611,0.005700521636754274,0.0
mpi-final_macbook_air_2d-N824-P4,3,403,20261020,12,32,18,0.03995100001338869,0.005566582549363375,0.0
mpi-final_macbook_air_2d-N824-P4,0,404,20261021,12,32,18,0.039683833019807935,0.005533076822757721,0.0
mpi-final_macbook_air_2d-N824-P4,1,405,20261022,12,32,18,0.04325595800764859,0.005670363083481789,0.0
mpi-final_macbook_air_2d-N824-P4,2,406,20261023,12,32,18,0.0414021669421345,0.005782976746559143,0.0
mpi-final_macbook_air_2d-N824-P4,3,407,20261024,12,32,18,0.04115454200655222,0.005797268822789192,0.0
mpi-final_macbook_air_2d-N824-P4,0,408,20261025,12,32,18,0.04237250005826354,0.0056891473941504955,0.0
mpi-final_macbook_air_2d-N824-P4,1,409,20261026,12,32,18,0.038766040932387114,0.005359725560992956,0.0
mpi-final_macbook_air_2d-N824-P4,2,410,20261027,12,32,18,0.03931591601576656,0.005623896140605211,0.0
mpi-final_macbook_air_2d-N824-P4,3,411,20261028,12,32,18,0.04033087508287281,0.005628233775496483,0.0
mpi-final_macbook_air_2d-N824-P4,0,412,20261029,12,32,18,0.041101083043031394,0.005587292369455099,0.0
mpi-final_macbook_air_2d-N824-P4,1,413,20261030,12,32,18,0.04286358307581395,0.0053887031972408295,0.0
mpi-final_macbook_air_2d-N824-P4,2,414,20261031,12,32,18,0.04067275009583682,0.005672226659953594,0.0
mpi-final_macbook_air_2d-N824-P4,3,415,20261032,12,32,18,0.039477750076912344,0.006000698544085026,0.0
mpi-final_macbook_air_2d-N824-P4,0,416,20261033,12,32,18,0.04184437496587634,0.005618460476398468,0.0
mpi-final_macbook_air_2d-N824-P4,1,417,20261034,12,32,18,0.041439583990722895,0.0056249224580824375,0.0
mpi-final_macbook_air_2d-N824-P4,2,418,20261035,12,32,18,0.04200208303518593,0.005765959154814482,0.0
mpi-final_macbook_air_2d-N824-P4,3,419,20261036,12,32,18,0.04220829205587506,0.0056131999008357525,0.0
mpi-final_macbook_air_2d-N824-P4,0,420,20261037,12,32,18,0.039451083983294666,0.00566224567592144,0.0
mpi-final_macbook_air_2d-N824-P4,1,421,20261038,12,32,18,0.04175820795353502,0.005509329028427601,0.0
mpi-final_macbook_air_2d-N824-P4,2,422,20261039,12,32,18,0.04002487496472895,0.00569089176133275,0.0
mpi-final_macbook_air_2d-N824-P4,3,423,20261040,12,32,18,0.03972650005016476,0.005508016794919968,0.0
mpi-final_macbook_air_2d-N824-P4,0,424,20261041,12,32,18,0.04169429198373109,0.0055209314450621605,0.0
mpi-final_macbook_air_2d-N824-P4,1,425,20261042,12,32,18,0.04000995808746666,0.0055398656986653805,0.0
mpi-final_macbook_air_2d-N824-P4,2,426,20261043,12,32,18,0.04219312500208616,0.0052945055067539215,0.0
mpi-final_macbook_air_2d-N824-P4,3,427,20261044,12,32,18,0.0423105830559507,0.005728766322135925,0.0
mpi-final_macbook_air_2d-N824-P4,0,428,20261045,12,32,18,0.04090091702528298,0.005733099300414324,0.0
mpi-final_macbook_air_2d-N824-P4,1,429,20261046,12,32,18,0.04619291704148054,0.005725665483623743,0.0
mpi-final_macbook_air_2d-N824-P4,2,430,20261047,12,32,18,0.04116645792964846,0.005641576834022999,0.0
mpi-final_macbook_air_2d-N824-P4,3,431,20261048,12,32,18,0.04008670791517943,0.005322396755218506,0.0
mpi-final_macbook_air_2d-N824-P4,0,432,20261049,12,32,18,0.044125083019025624,0.005557191092520952,0.0
mpi-final_macbook_air_2d-N824-P4,1,433,20261050,12,32,18,0.04033574997447431,0.005563357379287481,0.0
mpi-final_macbook_air_2d-N824-P4,2,434,20261051,12,32,18,0.043671625084243715,0.0053326645866036415,0.0
mpi-final_macbook_air_2d-N824-P4,3,435,20261052,12,32,18,0.04491429100744426,0.005547169595956802,0.0
mpi-final_macbook_air_2d-N824-P4,0,436,20261053,12,32,18,0.04096345789730549,0.005645423196256161,0.0
mpi-final_macbook_air_2d-N824-P4,1,437,20261054,12,32,18,0.04053549992386252,0.005614215973764658,0.0
mpi-final_macbook_air_2d-N824-P4,2,438,20261055,12,32,18,0.04095129098277539,0.00570910656824708,0.0
mpi-final_macbook_air_2d-N824-P4,3,439,20261056,12,32,18,0.04158616601489484,0.005398433189839125,0.0
mpi-final_macbook_air_2d-N824-P4,0,440,20261057,12,32,18,0.04027379094623029,0.005945021286606789,0.0
mpi-final_macbook_air_2d-N824-P4,1,441,20261058,12,32,18,0.03928487503435463,0.0055572218261659145,0.0
mpi-final_macbook_air_2d-N824-P4,2,442,20261059,12,32,18,0.0400753750000149,0.005655055399984121,0.0
mpi-final_macbook_air_2d-N824-P4,3,443,20261060,12,32,18,0.039652250008657575,0.00569565687328577,0.0
mpi-final_macbook_air_2d-N824-P4,0,444,20261061,12,32,18,0.03997941699344665,0.005716540385037661,0.0
mpi-final_macbook_air_2d-N824-P4,1,445,20261062,12,32,18,0.040112041984684765,0.005705154035240412,0.0
mpi-final_macbook_air_2d-N824-P4,2,446,20261063,12,32,18,0.040586290997453034,0.00582028878852725,0.0
mpi-final_macbook_air_2d-N824-P4,3,447,20261064,12,32,18,0.03932016703765839,0.0054778000339865685,0.0
mpi-final_macbook_air_2d-N824-P4,0,448,20261065,12,32,18,0.04035733302589506,0.005666270852088928,0.0
mpi-final_macbook_air_2d-N824-P4,1,449,20261066,12,32,18,0.042646999936550856,0.005556090734899044,0.0
mpi-final_macbook_air_2d-N824-P4,2,450,20261067,12,32,18,0.04281700006686151,0.005508161149919033,0.0
mpi-final_macbook_air_2d-N824-P4,3,451,20261068,12,32,18,0.04232466605026275,0.005310319364070892,0.0
mpi-final_macbook_air_2d-N824-P4,0,452,20261069,12,32,18,0.04008837498258799,0.005532796029001474,0.0
mpi-final_macbook_air_2d-N824-P4,1,453,20261070,12,32,18,0.03992333298083395,0.005739950109273195,0.0
mpi-final_macbook_air_2d-N824-P4,2,454,20261071,12,32,18,0.03945129201747477,0.005435512866824865,0.0
mpi-final_macbook_air_2d-N824-P4,3,455,20261072,12,32,18,0.04220541601534933,0.005689361598342657,0.0
mpi-final_macbook_air_2d-N824-P4,0,456,20261073,12,32,18,0.04057829198427498,0.005775104276835918,0.0
mpi-final_macbook_air_2d-N824-P4,1,457,20261074,12,32,18,0.039868040941655636,0.005506148561835289,0.0
mpi-final_macbook_air_2d-N824-P4,2,458,20261075,12,32,18,0.040677292039617896,0.005865928716957569,0.0
mpi-final_macbook_air_2d-N824-P4,3,459,20261076,12,32,18,0.03998337499797344,0.005526022985577583,0.0
mpi-final_macbook_air_2d-N824-P4,0,460,20261077,12,32,18,0.041669709025882185,0.005422895308583975,0.0
mpi-final_macbook_air_2d-N824-P4,1,461,20261078,12,32,18,0.0435769590549171,0.005993771366775036,0.0
mpi-final_macbook_air_2d-N824-P4,2,462,20261079,12,32,18,0.04124366701580584,0.005803219974040985,0.0
mpi-final_macbook_air_2d-N824-P4,3,463,20261080,12,32,18,0.04171095788478851,0.0055350037291646,0.0
mpi-final_macbook_air_2d-N824-P4,0,464,20261081,12,32,18,0.039711166988126934,0.005649135448038578,0.0
mpi-final_macbook_air_2d-N824-P4,1,465,20261082,12,32,18,0.03990124992560595,0.005837113130837679,0.0
mpi-final_macbook_air_2d-N824-P4,2,466,20261083,12,32,18,0.040600458974950016,0.005607765633612871,0.0
mpi-final_macbook_air_2d-N824-P4,3,467,20261084,12,32,18,0.04097716696560383,0.005373444873839617,0.0
mpi-final_macbook_air_2d-N824-P4,0,468,20261085,12,32,18,0.040552792022936046,0.005773301236331463,0.0
mpi-final_macbook_air_2d-N824-P4,1,469,20261086,12,32,18,0.04051691701170057,0.005520232953131199,0.0
mpi-final_macbook_air_2d-N824-P4,2,470,20261087,12,32,18,0.04009108303580433,0.005607693921774626,0.0
mpi-final_macbook_air_2d-N824-P4,3,471,20261088,12,32,18,0.04033291700761765,0.005631182808429003,0.0
mpi-final_macbook_air_2d-N824-P4,0,472,20261089,12,32,18,0.04029875004198402,0.005348915234208107,0.0
mpi-final_macbook_air_2d-N824-P4,1,473,20261090,12,32,18,0.04035420797299594,0.005528327077627182,0.0
mpi-final_macbook_air_2d-N824-P4,2,474,20261091,12,32,18,0.03904454200528562,0.0054198079742491245,0.0
mpi-final_macbook_air_2d-N824-P4,3,475,20261092,12,32,18,0.03983004204928875,0.005435268860310316,0.0
mpi-final_macbook_air_2d-N824-P4,0,476,20261093,12,32,18,0.04114600003231317,0.005476350896060467,0.0
mpi-final_macbook_air_2d-N824-P4,1,477,20261094,12,32,18,0.04149729199707508,0.005685444455593824,0.0
mpi-final_macbook_air_2d-N824-P4,2,478,20261095,12,32,18,0.04114312503952533,0.005493667908012867,0.0
mpi-final_macbook_air_2d-N824-P4,3,479,20261096,12,32,18,0.04043212509714067,0.00552938599139452,0.0
mpi-final_macbook_air_2d-N824-P4,0,480,20261097,12,32,18,0.03979866695590317,0.005762518849223852,0.0
mpi-final_macbook_air_2d-N824-P4,1,481,20261098,12,32,18,0.04228158306796104,0.005531380418688059,0.0
mpi-final_macbook_air_2d-N824-P4,2,482,20261099,12,32,18,0.041080916998907924,0.005483945365995169,0.0
mpi-final_macbook_air_2d-N824-P4,3,483,20261100,12,32,18,0.03977383393794298,0.005541926249861717,0.0
mpi-final_macbook_air_2d-N824-P4,0,484,20261101,12,32,18,0.04207575006876141,0.005521641578525305,0.0
mpi-final_macbook_air_2d-N824-P4,1,485,20261102,12,32,18,0.040138375014066696,0.005650543607771397,0.0
mpi-final_macbook_air_2d-N824-P4,2,486,20261103,12,32,18,0.04096291703172028,0.005445396061986685,0.0
mpi-final_macbook_air_2d-N824-P4,3,487,20261104,12,32,18,0.042676207958720624,0.005981213878840208,0.0
mpi-final_macbook_air_2d-N824-P4,0,488,20261105,12,32,18,0.040341791114769876,0.005772827658802271,0.0
mpi-final_macbook_air_2d-N824-P4,1,489,20261106,12,32,18,0.040074249962344766,0.005736666731536388,0.0
mpi-final_macbook_air_2d-N824-P4,2,490,20261107,12,32,18,0.040635042008943856,0.005332225933670998,0.0
mpi-final_macbook_air_2d-N824-P4,3,491,20261108,12,32,18,0.03893625002820045,0.005690788384526968,0.0
mpi-final_macbook_air_2d-N824-P4,0,492,20261109,12,32,18,0.042198916897177696,0.005597717594355345,0.0
mpi-final_macbook_air_2d-N824-P4,1,493,20261110,12,32,18,0.04188041598536074,0.005866893567144871,0.0
mpi-final_macbook_air_2d-N824-P4,2,494,20261111,12,32,18,0.04183450003620237,0.00566388014703989,0.0
mpi-final_macbook_air_2d-N824-P4,3,495,20261112,12,32,18,0.04158208298031241,0.005819301120936871,0.0
mpi-final_macbook_air_2d-N824-P4,0,496,20261113,12,32,18,0.04218979203142226,0.005460584536194801,0.0
mpi-final_macbook_air_2d-N824-P4,1,497,20261114,12,32,18,0.041793082957156,0.0055774301290512085,0.0
mpi-final_macbook_air_2d-N824-P4,2,498,20261115,12,32,18,0.040395707939751446,0.005766608752310276,0.0
mpi-final_macbook_air_2d-N824-P4,3,499,20261116,12,32,18,0.039831292000599205,0.005699029192328453,0.0
mpi-final_macbook_air_2d-N824-P4,0,500,20261117,12,32,18,0.04147620790172368,0.005457444582134485,0.0
mpi-final_macbook_air_2d-N824-P4,1,501,20261118,12,32,18,0.04043529205955565,0.0055886427871882915,0.0
mpi-final_macbook_air_2d-N824-P4,2,502,20261119,12,32,18,0.043595666997134686,0.005667666904628277,0.0
mpi-final_macbook_air_2d-N824-P4,3,503,20261120,12,32,18,0.041311416076496243,0.005877344403415918,0.0
mpi-final_macbook_air_2d-N824-P4,0,504,20261121,12,32,18,0.04026895796414465,0.005586729850620031,0.0
mpi-final_macbook_air_2d-N824-P4,1,505,20261122,12,32,18,0.04074891598429531,0.005712155252695084,0.0
mpi-final_macbook_air_2d-N824-P4,2,506,20261123,12,32,18,0.03983566607348621,0.00572387408465147,0.0
mpi-final_macbook_air_2d-N824-P4,3,507,20261124,12,32,18,0.04064949997700751,0.005620383657515049,0.0
mpi-final_macbook_air_2d-N824-P4,0,508,20261125,12,32,18,0.04070091701578349,0.0053531634621322155,0.0
mpi-final_macbook_air_2d-N824-P4,1,509,20261126,12,32,18,0.041368375066667795,0.005497304257005453,0.0
mpi-final_macbook_air_2d-N824-P4,2,510,20261127,12,32,18,0.041243250016123056,0.005725739523768425,0.0
mpi-final_macbook_air_2d-N824-P4,3,511,20261128,12,32,18,0.040388832916505635,0.005867160856723785,0.0
mpi-final_macbook_air_2d-N824-P4,0,512,20261129,12,32,18,0.03984541597310454,0.005717251915484667,0.0
mpi-final_macbook_air_2d-N824-P4,1,513,20261130,12,32,18,0.041317124967463315,0.005787760950624943,0.0
mpi-final_macbook_air_2d-N824-P4,2,514,20261131,12,32,18,0.03937658399809152,0.005677630193531513,0.0
mpi-final_macbook_air_2d-N824-P4,3,515,20261132,12,32,18,0.039432332967408,0.005513092502951622,0.0
mpi-final_macbook_air_2d-N824-P4,0,516,20261133,12,32,18,0.03990395809523761,0.005722335074096918,0.0
mpi-final_macbook_air_2d-N824-P4,1,517,20261134,12,32,18,0.041350375046022236,0.005464019253849983,0.0
mpi-final_macbook_air_2d-N824-P4,2,518,20261135,12,32,18,0.0391725420486182,0.005512264557182789,0.0
mpi-final_macbook_air_2d-N824-P4,3,519,20261136,12,32,18,0.039693166967481375,0.005326564889401197,0.0
mpi-final_macbook_air_2d-N824-P4,0,520,20261137,12,32,18,0.04199824994429946,0.00579289672896266,0.0
mpi-final_macbook_air_2d-N824-P4,1,521,20261138,12,32,18,0.04133400006685406,0.005697783548384905,0.0
mpi-final_macbook_air_2d-N824-P4,2,522,20261139,12,32,18,0.04081791697535664,0.005675879307091236,0.0
mpi-final_macbook_air_2d-N824-P4,3,523,20261140,12,32,18,0.04203270806465298,0.005374457221478224,0.0
mpi-final_macbook_air_2d-N824-P4,0,524,20261141,12,32,18,0.0400448750006035,0.005796223878860474,0.0
mpi-final_macbook_air_2d-N824-P4,1,525,20261142,12,32,18,0.0404028749326244,0.005769227631390095,0.0
mpi-final_macbook_air_2d-N824-P4,2,526,20261143,12,32,18,0.03986604092642665,0.005467687733471394,0.0
mpi-final_macbook_air_2d-N824-P4,3,527,20261144,12,32,18,0.038930875016376376,0.005583566147834063,0.0
mpi-final_macbook_air_2d-N824-P4,0,528,20261145,12,32,18,0.040293750003911555,0.005711491219699383,0.0
mpi-final_macbook_air_2d-N824-P4,1,529,20261146,12,32,18,0.04307241702917963,0.005917749367654324,0.0
mpi-final_macbook_air_2d-N824-P4,2,530,20261147,12,32,18,0.04074583307374269,0.00578291155397892,0.0
mpi-final_macbook_air_2d-N824-P4,3,531,20261148,12,32,18,0.040127209038473666,0.005453509744256735,0.0
mpi-final_macbook_air_2d-N824-P4,0,532,20261149,12,32,18,0.04193549999035895,0.005526770371943712,0.0
mpi-final_macbook_air_2d-N824-P4,1,533,20261150,12,32,18,0.040829709032550454,0.005636179354041815,0.0
mpi-final_macbook_air_2d-N824-P4,2,534,20261151,12,32,18,0.04555358295328915,0.005876021459698677,0.0
mpi-final_macbook_air_2d-N824-P4,3,535,20261152,12,32,18,0.04107579099945724,0.005651830229908228,0.0
mpi-final_macbook_air_2d-N824-P4,0,536,20261153,12,32,18,0.040178291965276,0.005441789515316486,0.0
mpi-final_macbook_air_2d-N824-P4,1,537,20261154,12,32,18,0.040061375009827316,0.005388906225562096,0.0
mpi-final_macbook_air_2d-N824-P4,2,538,20261155,12,32,18,0.04074741608928889,0.005609969142824411,0.0
mpi-final_macbook_air_2d-N824-P4,3,539,20261156,12,32,18,0.04105787503067404,0.00567956967279315,0.0
mpi-final_macbook_air_2d-N824-P4,0,540,20261157,12,32,18,0.03948504198342562,0.005521982908248901,0.0
mpi-final_macbook_air_2d-N824-P4,1,541,20261158,12,32,18,0.041329249972477555,0.005330283660441637,0.0
mpi-final_macbook_air_2d-N824-P4,2,542,20261159,12,32,18,0.04211908299475908,0.005948943085968494,0.0
mpi-final_macbook_air_2d-N824-P4,3,543,20261160,12,32,18,0.03969133400823921,0.005710330326110125,0.0
mpi-final_macbook_air_2d-N824-P4,0,544,20261161,12,32,18,0.04210674995556474,0.005728157237172127,0.0
mpi-final_macbook_air_2d-N824-P4,1,545,20261162,12,32,18,0.041893042041920125,0.0055572218261659145,0.0
mpi-final_macbook_air_2d-N824-P4,2,546,20261163,12,32,18,0.040428875014185905,0.0057976627722382545,0.0
mpi-final_macbook_air_2d-N824-P4,3,547,20261164,12,32,18,0.04211500007659197,0.00550396041944623,0.0
mpi-final_macbook_air_2d-N824-P4,0,548,20261165,12,32,18,0.040929790935479105,0.005595100577920675,0.0
mpi-final_macbook_air_2d-N824-P4,1,549,20261166,12,32,18,0.04331404098775238,0.005590362939983606,0.0
mpi-final_macbook_air_2d-N824-P4,2,550,20261167,12,32,18,0.04243291693273932,0.0059168837033212185,0.0
mpi-final_macbook_air_2d-N824-P4,3,551,20261168,12,32,18,0.040809207945130765,0.005343461409211159,0.0
mpi-final_macbook_air_2d-N824-P4,0,552,20261169,12,32,18,0.04170433303806931,0.0059129539877176285,0.0
mpi-final_macbook_air_2d-N824-P4,1,553,20261170,12,32,18,0.04007062502205372,0.005735281389206648,0.0
mpi-final_macbook_air_2d-N824-P4,2,554,20261171,12,32,18,0.04096204205416143,0.005503790453076363,0.0
mpi-final_macbook_air_2d-N824-P4,3,555,20261172,12,32,18,0.04103933402802795,0.005469944328069687,0.0
mpi-final_macbook_air_2d-N824-P4,0,556,20261173,12,32,18,0.03903174994047731,0.005789218936115503,0.0
mpi-final_macbook_air_2d-N824-P4,1,557,20261174,12,32,18,0.041107250028289855,0.005516973789781332,0.0
mpi-final_macbook_air_2d-N824-P4,2,558,20261175,12,32,18,0.04096887493506074,0.005620759911835194,0.0
mpi-final_macbook_air_2d-N824-P4,3,559,20261176,12,32,18,0.038933792035095394,0.005480478517711163,0.0
mpi-final_macbook_air_2d-N824-P4,0,560,20261177,12,32,18,0.0406249170191586,0.005628196056932211,0.0
mpi-final_macbook_air_2d-N824-P4,1,561,20261178,12,32,18,0.04302312491927296,0.00577998161315918,0.0
mpi-final_macbook_air_2d-N824-P4,2,562,20261179,12,32,18,0.041302792029455304,0.0052156466990709305,0.0
mpi-final_macbook_air_2d-N824-P4,3,563,20261180,12,32,18,0.04071929189376533,0.005508066155016422,0.0
mpi-final_macbook_air_2d-N824-P4,0,564,20261181,12,32,18,0.041939625050872564,0.005481140222400427,0.0
mpi-final_macbook_air_2d-N824-P4,1,565,20261182,12,32,18,0.04016420792322606,0.005703983828425407,0.0
mpi-final_macbook_air_2d-N824-P4,2,566,20261183,12,32,18,0.04174791695550084,0.005703192204236984,0.0
mpi-final_macbook_air_2d-N824-P4,3,567,20261184,12,32,18,0.04151958308648318,0.005750547628849745,0.0
mpi-final_macbook_air_2d-N824-P4,0,568,20261185,12,32,18,0.040068125003017485,0.005672586616128683,0.0
mpi-final_macbook_air_2d-N824-P4,1,569,20261186,12,32,18,0.04169383307453245,0.005556110292673111,0.0
mpi-final_macbook_air_2d-N824-P4,2,570,20261187,12,32,18,0.042261041002348065,0.005323846824467182,0.0
mpi-final_macbook_air_2d-N824-P4,3,571,20261188,12,32,18,0.04033020802307874,0.005617423914372921,0.0
mpi-final_macbook_air_2d-N824-P4,0,572,20261189,12,32,18,0.04230245796497911,0.005761172156780958,0.0
mpi-final_macbook_air_2d-N824-P4,1,573,20261190,12,32,18,0.040945874992758036,0.005660283379256725,0.0
mpi-final_macbook_air_2d-N824-P4,2,574,20261191,12,32,18,0.03995849995408207,0.005750779528170824,0.0
mpi-final_macbook_air_2d-N824-P4,3,575,20261192,12,32,18,0.04267304204404354,0.00553643936291337,0.0
mpi-final_macbook_air_2d-N824-P4,0,576,20261193,12,32,18,0.0393646250013262,0.005648768041282892,0.0
mpi-final_macbook_air_2d-N824-P4,1,577,20261194,12,32,18,0.04137424996588379,0.00559813529253006,0.0
mpi-final_macbook_air_2d-N824-P4,2,578,20261195,12,32,18,0.03937629202846438,0.0057752737775444984,0.0
mpi-final_macbook_air_2d-N824-P4,3,579,20261196,12,32,18,0.039580707903951406,0.005707429256290197,0.0
mpi-final_macbook_air_2d-N824-P4,0,580,20261197,12,32,18,0.03963266604114324,0.005580449476838112,0.0
mpi-final_macbook_air_2d-N824-P4,1,581,20261198,12,32,18,0.0452945000724867,0.005561025347560644,0.0
mpi-final_macbook_air_2d-N824-P4,2,582,20261199,12,32,18,0.04097937501501292,0.005806636996567249,0.0
mpi-final_macbook_air_2d-N824-P4,3,583,20261200,12,32,18,0.041103416006080806,0.0057134791277348995,0.0
mpi-final_macbook_air_2d-N824-P4,0,584,20261201,12,32,18,0.04462754202540964,0.005657800007611513,0.0
mpi-final_macbook_air_2d-N824-P4,1,585,20261202,12,32,18,0.04010445799212903,0.005659514106810093,0.0
mpi-final_macbook_air_2d-N824-P4,2,586,20261203,12,32,18,0.04353412496857345,0.005571707151830196,0.0
mpi-final_macbook_air_2d-N824-P4,3,587,20261204,12,32,18,0.043452666024677455,0.005609648302197456,0.0
mpi-final_macbook_air_2d-N824-P4,0,588,20261205,12,32,18,0.04060283303260803,0.005706288851797581,0.0
mpi-final_macbook_air_2d-N824-P4,1,589,20261206,12,32,18,0.039502874948084354,0.005848981440067291,0.0
mpi-final_macbook_air_2d-N824-P4,2,590,20261207,12,32,18,0.04065029101911932,0.00573878875002265,0.0
mpi-final_macbook_air_2d-N824-P4,3,591,20261208,12,32,18,0.04081024997867644,0.005486757028847933,0.0
mpi-final_macbook_air_2d-N824-P4,0,592,20261209,12,32,18,0.04030566697474569,0.00581879448145628,0.0
mpi-final_macbook_air_2d-N824-P4,1,593,20261210,12,32,18,0.04026354197412729,0.005590764805674553,0.0
mpi-final_macbook_air_2d-N824-P4,2,594,20261211,12,32,18,0.04158004198689014,0.005686964839696884,0.0
mpi-final_macbook_air_2d-N824-P4,3,595,20261212,12,32,18,0.04038870893418789,0.0056442986242473125,0.0
mpi-final_macbook_air_2d-N824-P4,0,596,20261213,12,32,18,0.040829582954756916,0.005648013204336166,0.0
mpi-final_macbook_air_2d-N824-P4,1,597,20261214,12,32,18,0.039492249954491854,0.005702960304915905,0.0
mpi-final_macbook_air_2d-N824-P4,2,598,20261215,12,32,18,0.04013820900581777,0.005347125232219696,0.0
mpi-final_macbook_air_2d-N824-P4,3,599,20261216,12,32,18,0.04060349997598678,0.005705542862415314,0.0
mpi-final_macbook_air_2d-N824-P4,0,600,20261217,12,32,18,0.039646708057262,0.0057929204776883125,0.0
mpi-final_macbook_air_2d-N824-P4,1,601,20261218,12,32,18,0.04066716704983264,0.005616284441202879,0.0
mpi-final_macbook_air_2d-N824-P4,2,602,20261219,12,32,18,0.03996758291032165,0.00557879451662302,0.0
mpi-final_macbook_air_2d-N824-P4,3,603,20261220,12,32,18,0.03898624994326383,0.005293587222695351,0.0
mpi-final_macbook_air_2d-N824-P4,0,604,20261221,12,32,18,0.04117783298715949,0.005385403987020254,0.0
mpi-final_macbook_air_2d-N824-P4,1,605,20261222,12,32,18,0.03992750006727874,0.005620919167995453,0.0
mpi-final_macbook_air_2d-N824-P4,2,606,20261223,12,32,18,0.041415291954763234,0.005369290243834257,0.0
mpi-final_macbook_air_2d-N824-P4,3,607,20261224,12,32,18,0.03904020902700722,0.005319788120687008,0.0
mpi-final_macbook_air_2d-N824-P4,0,608,20261225,12,32,18,0.040044124936684966,0.005616446491330862,0.0
mpi-final_macbook_air_2d-N824-P4,1,609,20261226,12,32,18,0.03989333298522979,0.005418824963271618,0.0
mpi-final_macbook_air_2d-N824-P4,2,610,20261227,12,32,18,0.04122008406557143,0.005748298484832048,0.0
mpi-final_macbook_air_2d-N824-P4,3,611,20261228,12,32,18,0.04116349993273616,0.005823290906846523,0.0
mpi-final_macbook_air_2d-N824-P4,0,612,20261229,12,32,18,0.03944449999835342,0.005583611316978931,0.0
mpi-final_macbook_air_2d-N824-P4,1,613,20261230,12,32,18,0.040410166955552995,0.0053377472795546055,0.0
mpi-final_macbook_air_2d-N824-P4,2,614,20261231,12,32,18,0.04061733291018754,0.005348540376871824,0.0
mpi-final_macbook_air_2d-N824-P4,3,615,20261232,12,32,18,0.03994612488895655,0.0059827095828950405,0.0
mpi-final_macbook_air_2d-N824-P4,0,616,20261233,12,32,18,0.04011979210190475,0.005567840300500393,0.0
mpi-final_macbook_air_2d-N824-P4,1,617,20261234,12,32,18,0.040213625063188374,0.005868608597666025,0.0
mpi-final_macbook_air_2d-N824-P4,2,618,20261235,12,32,18,0.03997275000438094,0.005511252675205469,0.0
mpi-final_macbook_air_2d-N824-P4,3,619,20261236,12,32,18,0.04012608400080353,0.005626164376735687,0.0
mpi-final_macbook_air_2d-N824-P4,0,620,20261237,12,32,18,0.04003149992786348,0.005615682806819677,0.0
mpi-final_macbook_air_2d-N824-P4,1,621,20261238,12,32,18,0.0399182919645682,0.005925572477281094,0.0
mpi-final_macbook_air_2d-N824-P4,2,622,20261239,12,32,18,0.04022237495519221,0.005779745988547802,0.0
mpi-final_macbook_air_2d-N824-P4,3,623,20261240,12,32,18,0.03901658300310373,0.005679835565388203,0.0
mpi-final_macbook_air_2d-N824-P4,0,624,20261241,12,32,18,0.039628832950256765,0.0057175038382411,0.0
mpi-final_macbook_air_2d-N824-P4,1,625,20261242,12,32,18,0.03975120803806931,0.006080718711018562,0.0
mpi-final_macbook_air_2d-N824-P4,2,626,20261243,12,32,18,0.03959141706582159,0.005971684120595455,0.0
mpi-final_macbook_air_2d-N824-P4,3,627,20261244,12,32,18,0.03991237503942102,0.005669695325195789,0.0
mpi-final_macbook_air_2d-N824-P4,0,628,20261245,12,32,18,0.04006283404305577,0.005406460724771023,0.0
mpi-final_macbook_air_2d-N824-P4,1,629,20261246,12,32,18,0.03979762503877282,0.005747794173657894,0.0
mpi-final_macbook_air_2d-N824-P4,2,630,20261247,12,32,18,0.03873108408879489,0.005757313221693039,0.0
mpi-final_macbook_air_2d-N824-P4,3,631,20261248,12,32,18,0.04001066705677658,0.0054151443764567375,0.0
mpi-final_macbook_air_2d-N824-P4,0,632,20261249,12,32,18,0.039169249939732254,0.005736180115491152,0.0
mpi-final_macbook_air_2d-N824-P4,1,633,20261250,12,32,18,0.039751291973516345,0.005836335942149162,0.0
mpi-final_macbook_air_2d-N824-P4,2,634,20261251,12,32,18,0.03999929106794298,0.006028370000422001,0.0
mpi-final_macbook_air_2d-N824-P4,3,635,20261252,12,32,18,0.04091275006067008,0.005580984055995941,0.0
mpi-final_macbook_air_2d-N824-P4,0,636,20261253,12,32,18,0.040911959018558264,0.005748040042817593,0.0
mpi-final_macbook_air_2d-N824-P4,1,637,20261254,12,32,18,0.03891312493942678,0.005808250047266483,0.0
mpi-final_macbook_air_2d-N824-P4,2,638,20261255,12,32,18,0.03999191697221249,0.0054758768528699875,0.0
mpi-final_macbook_air_2d-N824-P4,3,639,20261256,12,32,18,0.040621166001074016,0.005924227647483349,0.0
mpi-final_macbook_air_2d-N824-P4,0,640,20261257,12,32,18,0.03960408293642104,0.0056642526760697365,0.0
mpi-final_macbook_air_2d-N824-P4,1,641,20261258,12,32,18,0.040683167055249214,0.005516288802027702,0.0
mpi-final_macbook_air_2d-N824-P4,2,642,20261259,12,32,18,0.040500624920241535,0.005995369050651789,0.0
mpi-final_macbook_air_2d-N824-P4,3,643,20261260,12,32,18,0.0404285000404343,0.005348420701920986,0.0
mpi-final_macbook_air_2d-N824-P4,0,644,20261261,12,32,18,0.04016350000165403,0.005488249007612467,0.0
mpi-final_macbook_air_2d-N824-P4,1,645,20261262,12,32,18,0.04195233399514109,0.005591866094619036,0.0
mpi-final_macbook_air_2d-N824-P4,2,646,20261263,12,32,18,0.040975915966555476,0.00591878080740571,0.0
mpi-final_macbook_air_2d-N824-P4,3,647,20261264,12,32,18,0.03995266696438193,0.005685548298060894,0.0
mpi-final_macbook_air_2d-N824-P4,0,648,20261265,12,32,18,0.041985749965533614,0.005388852208852768,0.0
mpi-final_macbook_air_2d-N824-P4,1,649,20261266,12,32,18,0.04009395791217685,0.005522200837731361,0.0
mpi-final_macbook_air_2d-N824-P4,2,650,20261267,12,32,11,0.027046874980442226,0.005716259591281414,0.0
mpi-final_macbook_air_2d-N824-P4,3,651,20261268,12,32,18,0.042018083040602505,0.005661192815750837,0.0
mpi-final_macbook_air_2d-N824-P4,0,652,20261269,12,32,18,0.03933454200159758,0.0054877521470189095,0.0
mpi-final_macbook_air_2d-N824-P4,1,653,20261270,12,32,18,0.03977725002914667,0.005647765472531319,0.0
mpi-final_macbook_air_2d-N824-P4,2,654,20261271,12,32,18,0.04095470893662423,0.005717169493436813,0.0
mpi-final_macbook_air_2d-N824-P4,3,655,20261272,12,32,18,0.04066025000065565,0.005842401646077633,0.0
mpi-final_macbook_air_2d-N824-P4,0,656,20261273,12,32,18,0.03918258391786367,0.005580590572208166,0.0
mpi-final_macbook_air_2d-N824-P4,1,657,20261274,12,32,18,0.04085395799484104,0.005309078376740217,0.0
mpi-final_macbook_air_2d-N824-P4,2,658,20261275,12,32,18,0.0406517080264166,0.005883063189685345,0.0
mpi-final_macbook_air_2d-N824-P4,3,659,20261276,12,32,18,0.04001812497153878,0.005390826612710953,0.0
mpi-final_macbook_air_2d-N824-P4,0,660,20261277,12,32,18,0.04069550009444356,0.005497527774423361,0.0
mpi-final_macbook_air_2d-N824-P4,1,661,20261278,12,32,18,0.04059012490324676,0.0056896936148405075,0.0
mpi-final_macbook_air_2d-N824-P4,2,662,20261279,12,32,18,0.04188366699963808,0.005416708532720804,0.0
mpi-final_macbook_air_2d-N824-P4,3,663,20261280,12,32,18,0.04138479207176715,0.005731102079153061,0.0
mpi-final_macbook_air_2d-N824-P4,0,664,20261281,12,32,18,0.04156241600867361,0.005630070343613625,0.0
mpi-final_macbook_air_2d-N824-P4,1,665,20261282,12,32,18,0.04128000000491738,0.005578962620347738,0.0
mpi-final_macbook_air_2d-N824-P4,2,666,20261283,12,32,18,0.03950154094491154,0.005853669252246618,0.0
mpi-final_macbook_air_2d-N824-P4,3,667,20261284,12,32,18,0.04000366700347513,0.005382411181926727,0.0
mpi-final_macbook_air_2d-N824-P4,0,668,20261285,12,32,18,0.0403306670486927,0.00584395881742239,0.0
mpi-final_macbook_air_2d-N824-P4,1,669,20261286,12,32,18,0.041029709042049944,0.0057194894179701805,0.0
mpi-final_macbook_air_2d-N824-P4,2,670,20261287,12,32,18,0.042101082974113524,0.005650739185512066,0.0
mpi-final_macbook_air_2d-N824-P4,3,671,20261288,12,32,18,0.03929504193365574,0.005707076285034418,0.0
mpi-final_macbook_air_2d-N824-P4,0,672,20261289,12,32,18,0.04123195889405906,0.005703425966203213,0.0
mpi-final_macbook_air_2d-N824-P4,1,673,20261290,12,32,18,0.04079158406239003,0.005550290457904339,0.0
mpi-final_macbook_air_2d-N824-P4,2,674,20261291,12,32,18,0.04067970905452967,0.005582316312938929,0.0
mpi-final_macbook_air_2d-N824-P4,3,675,20261292,12,32,18,0.04297995800152421,0.005832083523273468,0.0
mpi-final_macbook_air_2d-N824-P4,0,676,20261293,12,32,18,0.040901207947172225,0.006191943772137165,0.0
mpi-final_macbook_air_2d-N824-P4,1,677,20261294,12,32,18,0.04276824998669326,0.005743775051087141,0.0
mpi-final_macbook_air_2d-N824-P4,2,678,20261295,12,32,18,0.04050674999598414,0.005713952239602804,0.0
mpi-final_macbook_air_2d-N824-P4,3,679,20261296,12,32,18,0.03960858308710158,0.0052793570794165134,0.0
mpi-final_macbook_air_2d-N824-P4,0,680,20261297,12,32,18,0.04198750003706664,0.005531210917979479,0.0
mpi-final_macbook_air_2d-N824-P4,1,681,20261298,12,32,18,0.04068341699894518,0.005804719403386116,0.0
mpi-final_macbook_air_2d-N824-P4,2,682,20261299,12,32,18,0.04160487500485033,0.0055451891385018826,0.0
mpi-final_macbook_air_2d-N824-P4,3,683,20261300,12,32,18,0.042461125063709915,0.0057015493512153625,0.0
mpi-final_macbook_air_2d-N824-P4,0,684,20261301,12,32,18,0.039687749929726124,0.005886949598789215,0.0
mpi-final_macbook_air_2d-N824-P4,1,685,20261302,12,32,18,0.044843583018518984,0.00569444615393877,0.0
mpi-final_macbook_air_2d-N824-P4,2,686,20261303,12,32,18,0.04448670893907547,0.005632610991597176,0.0
mpi-final_macbook_air_2d-N824-P4,3,687,20261304,12,32,18,0.03896370797883719,0.005783177446573973,0.0
mpi-final_macbook_air_2d-N824-P4,0,688,20261305,12,32,18,0.04464641597587615,0.00565495528280735,0.0
mpi-final_macbook_air_2d-N824-P4,1,689,20261306,12,32,18,0.04092812503222376,0.0057227411307394505,0.0
mpi-final_macbook_air_2d-N824-P4,2,690,20261307,12,32,18,0.041031750035472214,0.0057327658869326115,0.0
mpi-final_macbook_air_2d-N824-P4,3,691,20261308,12,32,18,0.04648187500424683,0.005740974564105272,0.0
mpi-final_macbook_air_2d-N824-P4,0,692,20261309,12,32,18,0.040087042027153075,0.005409175995737314,0.0
mpi-final_macbook_air_2d-N824-P4,1,693,20261310,12,32,18,0.04131391702685505,0.0057504866272211075,0.0
mpi-final_macbook_air_2d-N824-P4,2,694,20261311,12,32,18,0.04269341693725437,0.0056344736367464066,0.0
mpi-final_macbook_air_2d-N824-P4,3,695,20261312,12,32,18,0.040730749955400825,0.005901589524000883,0.0
mpi-final_macbook_air_2d-N824-P4,0,696,20261313,12,32,18,0.04077358404174447,0.0054966905154287815,0.0
mpi-final_macbook_air_2d-N824-P4,1,697,20261314,12,32,18,0.0421296670101583,0.005351892206817865,0.0
mpi-final_macbook_air_2d-N824-P4,2,698,20261315,12,32,18,0.04050862498115748,0.005586786195635796,0.0
mpi-final_macbook_air_2d-N824-P4,3,699,20261316,12,32,18,0.04016616696026176,0.005614685360342264,0.0
mpi-final_macbook_air_2d-N824-P4,0,700,20261317,12,32,18,0.04130458296276629,0.005530160386115313,0.0
mpi-final_macbook_air_2d-N824-P4,1,701,20261318,12,32,18,0.04089254199061543,0.0057499888353049755,0.0
mpi-final_macbook_air_2d-N824-P4,2,702,20261319,12,32,18,0.04401770792901516,0.0060509974136948586,0.0
mpi-final_macbook_air_2d-N824-P4,3,703,20261320,12,32,18,0.04127895808778703,0.00552884628996253,0.0
mpi-final_macbook_air_2d-N824-P4,0,704,20261321,12,32,18,0.041250791982747614,0.005455609876662493,0.0
mpi-final_macbook_air_2d-N824-P4,1,705,20261322,12,32,18,0.04097879200708121,0.005454040132462978,0.0
mpi-final_macbook_air_2d-N824-P4,2,706,20261323,12,32,18,0.0414892080007121,0.005960474722087383,0.0
mpi-final_macbook_air_2d-N824-P4,3,707,20261324,12,32,18,0.04138320800848305,0.005675674881786108,0.0
mpi-final_macbook_air_2d-N824-P4,0,708,20261325,12,32,18,0.04068595799617469,0.005629584193229675,0.0
mpi-final_macbook_air_2d-N824-P4,1,709,20261326,12,32,18,0.0421054579783231,0.005655547603964806,0.0
mpi-final_macbook_air_2d-N824-P4,2,710,20261327,12,32,18,0.040553165948949754,0.0054862285032868385,0.0
mpi-final_macbook_air_2d-N824-P4,3,711,20261328,12,32,18,0.040593583951704204,0.005873945541679859,0.0
mpi-final_macbook_air_2d-N824-P4,0,712,20261329,12,32,18,0.04164887499064207,0.005536171142011881,0.0
mpi-final_macbook_air_2d-N824-P4,1,713,20261330,12,32,18,0.041152416029945016,0.005332556553184986,0.0
mpi-final_macbook_air_2d-N824-P4,2,714,20261331,12,32,18,0.04303029109723866,0.005782383494079113,0.0
mpi-final_macbook_air_2d-N824-P4,3,715,20261332,12,32,18,0.0419617909938097,0.005714872851967812,0.0
mpi-final_macbook_air_2d-N824-P4,0,716,20261333,12,32,18,0.04037179204169661,0.005693091079592705,0.0
mpi-final_macbook_air_2d-N824-P4,1,717,20261334,12,32,18,0.041808290989138186,0.005318247713148594,0.0
mpi-final_macbook_air_2d-N824-P4,2,718,20261335,12,32,18,0.04118020797614008,0.005371956620365381,0.0
mpi-final_macbook_air_2d-N824-P4,3,719,20261336,12,32,18,0.04102395905647427,0.005375302396714687,0.0
mpi-final_macbook_air_2d-N824-P4,0,720,20261337,12,32,18,0.04093104193452746,0.005839941557496786,0.0
mpi-final_macbook_air_2d-N824-P4,1,721,20261338,12,32,17,0.03911391692236066,0.005526052787899971,0.0
mpi-final_macbook_air_2d-N824-P4,2,722,20261339,12,32,18,0.0426756659289822,0.005849915556609631,0.0
mpi-final_macbook_air_2d-N824-P4,3,723,20261340,12,32,18,0.0411091250134632,0.005422110203653574,0.0
mpi-final_macbook_air_2d-N824-P4,0,724,20261341,12,32,18,0.040639542043209076,0.0055578467436134815,0.0
mpi-final_macbook_air_2d-N824-P4,1,725,20261342,12,32,18,0.041018416988663375,0.005630808882415295,0.0
mpi-final_macbook_air_2d-N824-P4,2,726,20261343,12,32,18,0.040092249982990324,0.005502982065081596,0.0
mpi-final_macbook_air_2d-N824-P4,3,727,20261344,12,32,18,0.04055987496394664,0.0057099731639027596,0.0
mpi-final_macbook_air_2d-N824-P4,0,728,20261345,12,32,18,0.039405208081007004,0.005331512540578842,0.0
mpi-final_macbook_air_2d-N824-P4,1,729,20261346,12,32,18,0.04435733403079212,0.005448645446449518,0.0
mpi-final_macbook_air_2d-N824-P4,2,730,20261347,12,32,18,0.04044441704172641,0.005761200096458197,0.0
mpi-final_macbook_air_2d-N824-P4,3,731,20261348,12,32,18,0.040677458979189396,0.005600097589194775,0.0
mpi-final_macbook_air_2d-N824-P4,0,732,20261349,12,32,18,0.04602658306248486,0.005390028469264507,0.0
mpi-final_macbook_air_2d-N824-P4,1,733,20261350,12,32,18,0.03991270798724145,0.00553923798725009,0.0
mpi-final_macbook_air_2d-N824-P4,2,734,20261351,12,32,18,0.04598641593474895,0.005426026415079832,0.0
mpi-final_macbook_air_2d-N824-P4,3,735,20261352,12,32,18,0.04667779209557921,0.005975516512989998,0.0
mpi-final_macbook_air_2d-N824-P4,0,736,20261353,12,32,18,0.04061050002928823,0.00579032814130187,0.0
mpi-final_macbook_air_2d-N824-P4,1,737,20261354,12,32,18,0.0423690410098061,0.0057295942679047585,0.0
mpi-final_macbook_air_2d-N824-P4,2,738,20261355,12,32,18,0.041945167002268136,0.005625214893370867,0.0
mpi-final_macbook_air_2d-N824-P4,3,739,20261356,12,32,18,0.040356207988224924,0.005403456278145313,0.0
mpi-final_macbook_air_2d-N824-P4,0,740,20261357,12,32,18,0.041721582994796336,0.0056022764183580875,0.0
mpi-final_macbook_air_2d-N824-P4,1,741,20261358,12,32,18,0.04299650003667921,0.005355487111955881,0.0
mpi-final_macbook_air_2d-N824-P4,2,742,20261359,12,32,18,0.04294616705738008,0.0059694088995456696,0.0
mpi-final_macbook_air_2d-N824-P4,3,743,20261360,12,32,18,0.04160074994433671,0.005682374816387892,0.0
mpi-final_macbook_air_2d-N824-P4,0,744,20261361,12,32,18,0.04366137506440282,0.005275089759379625,0.0
mpi-final_macbook_air_2d-N824-P4,1,745,20261362,12,32,18,0.03963904199190438,0.005391519982367754,0.0
mpi-final_macbook_air_2d-N824-P4,2,746,20261363,12,32,18,0.040947332978248596,0.005341328680515289,0.0
mpi-final_macbook_air_2d-N824-P4,3,747,20261364,12,32,18,0.042878624983131886,0.005682535469532013,0.0
mpi-final_macbook_air_2d-N824-P4,0,748,20261365,12,32,18,0.03974537504836917,0.005743778310716152,0.0
mpi-final_macbook_air_2d-N824-P4,1,749,20261366,12,32,18,0.04221891600172967,0.005413148086518049,0.0
mpi-final_macbook_air_2d-N824-P4,2,750,20261367,12,32,18,0.04112641699612141,0.005708303302526474,0.0
mpi-final_macbook_air_2d-N824-P4,3,751,20261368,12,32,18,0.039948416990228,0.005686359480023384,0.0
mpi-final_macbook_air_2d-N824-P4,0,752,20261369,12,32,18,0.04237612499855459,0.005816329270601273,0.0
mpi-final_macbook_air_2d-N824-P4,1,753,20261370,12,32,18,0.03990637499373406,0.005587926600128412,0.0
mpi-final_macbook_air_2d-N824-P4,2,754,20261371,12,32,18,0.04365316603798419,0.0057656955905258656,0.0
mpi-final_macbook_air_2d-N824-P4,3,755,20261372,12,32,18,0.041774375014938414,0.005442780442535877,0.0
mpi-final_macbook_air_2d-N824-P4,0,756,20261373,12,32,18,0.040529666002839804,0.005670351907610893,0.0
mpi-final_macbook_air_2d-N824-P4,1,757,20261374,12,32,18,0.04138150007929653,0.0058526769280433655,0.0
mpi-final_macbook_air_2d-N824-P4,2,758,20261375,12,32,18,0.039667457924224436,0.0055951280519366264,0.0
mpi-final_macbook_air_2d-N824-P4,3,759,20261376,12,32,18,0.040141292032785714,0.005863511469215155,0.0
mpi-final_macbook_air_2d-N824-P4,0,760,20261377,12,32,18,0.04034220799803734,0.0058393822982907295,0.0
mpi-final_macbook_air_2d-N824-P4,1,761,20261378,12,32,18,0.04239616706036031,0.005740214139223099,0.0
mpi-final_macbook_air_2d-N824-P4,2,762,20261379,12,32,18,0.04322508303448558,0.005651270970702171,0.0
mpi-final_macbook_air_2d-N824-P4,3,763,20261380,12,32,18,0.04012520797550678,0.005612621549516916,0.0
mpi-final_macbook_air_2d-N824-P4,0,764,20261381,12,32,18,0.04221979191061109,0.005594517104327679,0.0
mpi-final_macbook_air_2d-N824-P4,1,765,20261382,12,32,18,0.040414332994259894,0.005557316355407238,0.0
mpi-final_macbook_air_2d-N824-P4,2,766,20261383,12,32,18,0.03954854200128466,0.0054762279614806175,0.0
mpi-final_macbook_air_2d-N824-P4,3,767,20261384,12,32,18,0.042207792052067816,0.005739462096244097,0.0
mpi-final_macbook_air_2d-N824-P4,0,768,20261385,12,32,18,0.04010779201053083,0.005708524491637945,0.0
mpi-final_macbook_air_2d-N824-P4,1,769,20261386,12,32,18,0.04280508402734995,0.00562584213912487,0.0
mpi-final_macbook_air_2d-N824-P4,2,770,20261387,12,32,18,0.041630208026617765,0.005536663345992565,0.0
mpi-final_macbook_air_2d-N824-P4,3,771,20261388,12,32,18,0.03958099998999387,0.005730960983783007,0.0
mpi-final_macbook_air_2d-N824-P4,0,772,20261389,12,32,18,0.04274512501433492,0.005550175905227661,0.0
mpi-final_macbook_air_2d-N824-P4,1,773,20261390,12,32,18,0.042821250041015446,0.005518857855349779,0.0
mpi-final_macbook_air_2d-N824-P4,2,774,20261391,12,32,18,0.042598041938617826,0.005620988551527262,0.0
mpi-final_macbook_air_2d-N824-P4,3,775,20261392,12,32,18,0.041525415959768,0.00558354239910841,0.0
mpi-final_macbook_air_2d-N824-P4,0,776,20261393,12,32,18,0.04293904092628509,0.006117897108197212,0.0
mpi-final_macbook_air_2d-N824-P4,1,777,20261394,12,32,18,0.040797167108394206,0.0056519946083426476,0.0
mpi-final_macbook_air_2d-N824-P4,2,778,20261395,12,32,18,0.04101950000040233,0.00534617155790329,0.0
mpi-final_macbook_air_2d-N824-P4,3,779,20261396,12,32,18,0.04339654103387147,0.006032936740666628,0.0
mpi-final_macbook_air_2d-N824-P4,0,780,20261397,12,32,18,0.04059050010982901,0.005611484870314598,0.0
mpi-final_macbook_air_2d-N824-P4,1,781,20261398,12,32,18,0.04596470796968788,0.00565132824704051,0.0
mpi-final_macbook_air_2d-N824-P4,2,782,20261399,12,32,18,0.04557279101572931,0.00556544866412878,0.0
mpi-final_macbook_air_2d-N824-P4,3,783,20261400,12,32,18,0.04017804202158004,0.005820042919367552,0.0
mpi-final_macbook_air_2d-N824-P4,0,784,20261401,12,32,18,0.046937374980188906,0.005779160652309656,0.0
mpi-final_macbook_air_2d-N824-P4,1,785,20261402,12,32,18,0.04078745795413852,0.005816975608468056,0.0
mpi-final_macbook_air_2d-N824-P4,2,786,20261403,12,32,18,0.0415663750609383,0.005664466880261898,0.0
mpi-final_macbook_air_2d-N824-P4,3,787,20261404,12,32,18,0.04519845801405609,0.005700831301510334,0.0
mpi-final_macbook_air_2d-N824-P4,0,788,20261405,12,32,18,0.04062233294826001,0.00599402841180563,0.0
mpi-final_macbook_air_2d-N824-P4,1,789,20261406,12,32,18,0.041298041003756225,0.005744636058807373,0.0
mpi-final_macbook_air_2d-N824-P4,2,790,20261407,12,32,18,0.04119833302684128,0.005488323513418436,0.0
mpi-final_macbook_air_2d-N824-P4,3,791,20261408,12,32,18,0.03942174999974668,0.00537967961281538,0.0
mpi-final_macbook_air_2d-N824-P4,0,792,20261409,12,32,18,0.040751833003014326,0.005879280157387257,0.0
mpi-final_macbook_air_2d-N824-P4,1,793,20261410,12,32,18,0.03946016705594957,0.005722712259739637,0.0
mpi-final_macbook_air_2d-N824-P4,2,794,20261411,12,32,18,0.04135754203889519,0.005761272273957729,0.0
mpi-final_macbook_air_2d-N824-P4,3,795,20261412,12,32,18,0.041684750001877546,0.005672038532793522,0.0
mpi-final_macbook_air_2d-N824-P4,0,796,20261413,12,32,18,0.039813874987885356,0.0056976135820150375,0.0
mpi-final_macbook_air_2d-N824-P4,1,797,20261414,12,32,18,0.04031466704327613,0.0056639164686203,0.0
mpi-final_macbook_air_2d-N824-P4,2,798,20261415,12,32,18,0.03947458299808204,0.005538974888622761,0.0
mpi-final_macbook_air_2d-N824-P4,3,799,20261416,12,32,18,0.040464833029545844,0.005634124856442213,0.0
mpi-final_macbook_air_2d-N824-P4,0,800,20261417,12,32,18,0.04071820806711912,0.005745457019656897,0.0
mpi-final_macbook_air_2d-N824-P4,1,801,20261418,12,32,18,0.04371783300302923,0.005745775997638702,0.0
mpi-final_macbook_air_2d-N824-P4,2,802,20261419,12,32,18,0.04340862494427711,0.005851521156728268,0.0
mpi-final_macbook_air_2d-N824-P4,3,803,20261420,12,32,18,0.04133799998089671,0.0056400541216135025,0.0
mpi-final_macbook_air_2d-N824-P4,0,804,20261421,12,32,18,0.041822041966952384,0.005743285175412893,0.0
mpi-final_macbook_air_2d-N824-P4,1,805,20261422,12,32,18,0.04095812502782792,0.005643070675432682,0.0
mpi-final_macbook_air_2d-N824-P4,2,806,20261423,12,32,18,0.040055082994513214,0.005853921175003052,0.0
mpi-final_macbook_air_2d-N824-P4,3,807,20261424,12,32,18,0.042869708966463804,0.0055115707218647,0.0
mpi-final_macbook_air_2d-N824-P4,0,808,20261425,12,32,18,0.04007304203696549,0.005504538305103779,0.0
mpi-final_macbook_air_2d-N824-P4,1,809,20261426,12,32,18,0.0405522920191288,0.005431948229670525,0.0
mpi-final_macbook_air_2d-N824-P4,2,810,20261427,12,32,18,0.041309625026769936,0.005469795316457748,0.0
mpi-final_macbook_air_2d-N824-P4,3,811,20261428,12,32,18,0.040086416993290186,0.005740138236433268,0.0
mpi-final_macbook_air_2d-N824-P4,0,812,20261429,12,32,18,0.04059708397835493,0.00539023382589221,0.0
mpi-final_macbook_air_2d-N824-P4,1,813,20261430,12,32,18,0.04154466709587723,0.005596822593361139,0.0
mpi-final_macbook_air_2d-N824-P4,2,814,20261431,12,32,18,0.04077399999368936,0.005696733482182026,0.0
mpi-final_macbook_air_2d-N824-P4,3,815,20261432,12,32,18,0.041484624962322414,0.005578421521931887,0.0
mpi-final_macbook_air_2d-N824-P4,0,816,20261433,12,32,18,0.042192084016278386,0.005862858146429062,0.0
mpi-final_macbook_air_2d-N824-P4,1,817,20261434,12,32,18,0.041825333959423006,0.00581065658479929,0.0
mpi-final_macbook_air_2d-N824-P4,2,818,20261435,12,32,18,0.04341558297164738,0.006016329396516085,0.0
mpi-final_macbook_air_2d-N824-P4,3,819,20261436,12,32,18,0.04173616599291563,0.005616847425699234,0.0
mpi-final_macbook_air_2d-N824-P4,0,820,20261437,12,32,18,0.04131287499330938,0.005674515385180712,0.0
mpi-final_macbook_air_2d-N824-P4,1,821,20261438,12,32,18,0.042587083065882325,0.005942239426076412,0.0
mpi-final_macbook_air_2d-N824-P4,2,822,20261439,12,32,18,0.04145012504886836,0.005706145893782377,0.0
mpi-final_macbook_air_2d-N824-P4,3,823,20261440,12,32,18,0.0405129580758512,0.005566979758441448,0.0
